image_1,image_2,label
img_0292.png,img_0382.png,2
img_0073.png,img_0076.png,1
img_1110.png,img_1175.png,2
img_1186.png,img_1194.png,1
img_1192.png,img_0960.png,2
img_1235.png,img_1233.png,1
img_0441.png,img_1028.png,2
img_0042.png,img_0043.png,1
img_0469.png,img_0968.png,2
img_0798.png,img_0806.png,1
img_0858.png,img_1375.png,2
img_0639.png,img_0645.png,1
img_0946.png,img_0632.png,2
img_0732.png,img_0739.png,2
img_1041.png,img_1045.png,1
img_1289.png,img_1291.png,1
img_1153.png,img_1186.png,2
img_0101.png,img_0106.png,1
img_0146.png,img_0353.png,2
img_0880.png,img_0882.png,1
img_0882.png,img_0074.png,2
img_1008.png,img_1005.png,2
img_0519.png,img_0524.png,1
img_0614.png,img_0617.png,1
img_1332.png,img_0278.png,2
img_0023.png,img_0020.png,1
img_0074.png,img_0732.png,2
img_0871.png,img_0879.png,2
img_0941.png,img_0947.png,2
img_0016.png,img_0017.png,1
img_1308.png,img_1301.png,2
img_1155.png,img_1153.png,2
img_1019.png,img_1018.png,1
img_0597.png,img_0596.png,1
img_0293.png,img_0301.png,2
img_0779.png,img_0784.png,1
img_1227.png,img_1225.png,1
img_0902.png,img_0907.png,1
img_0583.png,img_0484.png,2
img_1068.png,img_1066.png,1
img_0390.png,img_0337.png,2
img_0379.png,img_0387.png,1
img_1223.png,img_1157.png,2
img_0808.png,img_0801.png,1
img_0648.png,img_1048.png,2
img_1246.png,img_1245.png,1
img_0680.png,img_0817.png,2
img_0008.png,img_0012.png,2
img_0260.png,img_0267.png,2
img_0911.png,img_0907.png,1
img_0911.png,img_0906.png,1
img_0099.png,img_0091.png,2
img_1372.png,img_1377.png,1
img_0340.png,img_0346.png,1
img_0406.png,img_0862.png,2
img_0989.png,img_0994.png,2
img_1063.png,img_1056.png,2
img_0717.png,img_0722.png,2
img_0856.png,img_0852.png,1
img_0606.png,img_0614.png,1
img_0165.png,img_0161.png,1
img_1038.png,img_1032.png,2
img_0934.png,img_0929.png,2
img_0308.png,img_0307.png,1
img_0493.png,img_0485.png,2
img_1053.png,img_1047.png,2
img_0182.png,img_0190.png,1
img_0126.png,img_0119.png,2
img_0238.png,img_0233.png,1
img_0279.png,img_0283.png,1
img_1314.png,img_1311.png,1
img_0511.png,img_0515.png,1
img_0456.png,img_1132.png,2
img_1073.png,img_1074.png,1
img_0831.png,img_0029.png,2
img_0918.png,img_0913.png,2
img_0461.png,img_0464.png,1
img_0834.png,img_0833.png,1
img_0356.png,img_0080.png,2
img_0230.png,img_0235.png,2
img_0552.png,img_0558.png,2
img_0936.png,img_0940.png,1
img_0788.png,img_0791.png,1
img_0296.png,img_0303.png,2
img_0912.png,img_0905.png,1
img_0979.png,img_0980.png,1
img_0195.png,img_1173.png,2
img_0163.png,img_0169.png,2
img_1195.png,img_1194.png,1
img_0271.png,img_0269.png,2
img_0540.png,img_0543.png,2
img_0746.png,img_0738.png,1
img_0250.png,img_0245.png,1
img_1323.png,img_1319.png,2
img_1133.png,img_1132.png,2
img_0703.png,img_0704.png,1
img_0103.png,img_0104.png,1
img_1336.png,img_1344.png,1
img_0635.png,img_1181.png,2
img_0040.png,img_0044.png,2
img_1065.png,img_1057.png,2
img_0119.png,img_0123.png,1
img_1089.png,img_1096.png,2
img_0353.png,img_0352.png,1
img_0995.png,img_0997.png,1
img_1246.png,img_1241.png,2
img_0976.png,img_0974.png,1
img_0488.png,img_0483.png,1
img_0952.png,img_0696.png,2
img_0119.png,img_0112.png,1
img_0274.png,img_0699.png,2
img_1030.png,img_1033.png,1
img_0563.png,img_1077.png,2
img_0896.png,img_0888.png,2
img_1348.png,img_1341.png,1
img_0339.png,img_0341.png,1
img_0107.png,img_0881.png,2
img_0191.png,img_0185.png,1
img_0255.png,img_1292.png,2
img_0737.png,img_0738.png,1
img_0276.png,img_0850.png,2
img_0862.png,img_0863.png,1
img_0359.png,img_0713.png,2
img_1194.png,img_1201.png,2
img_1287.png,img_1284.png,1
img_0243.png,img_0242.png,1
img_0608.png,img_0527.png,2
img_0027.png,img_0019.png,1
img_0201.png,img_0606.png,2
img_0177.png,img_0183.png,2
img_0921.png,img_0925.png,1
img_1369.png,img_1364.png,1
img_0904.png,img_0631.png,2
img_0884.png,img_0890.png,2
img_0546.png,img_0543.png,1
img_1117.png,img_1118.png,1
img_1007.png,img_0169.png,2
img_0472.png,img_0471.png,1
img_0876.png,img_0629.png,2
img_1219.png,img_1224.png,1
img_0964.png,img_0250.png,2
img_1065.png,img_1058.png,2
img_0624.png,img_0627.png,2
img_0243.png,img_0241.png,1
img_0217.png,img_0213.png,1
img_0263.png,img_0265.png,1
img_1294.png,img_1144.png,2
img_1147.png,img_1146.png,1
img_0141.png,img_0514.png,2
img_0010.png,img_0002.png,2
img_0849.png,img_0857.png,1
img_0657.png,img_0663.png,2
img_1034.png,img_1041.png,2
img_0401.png,img_0396.png,1
img_0449.png,img_0451.png,1
img_0840.png,img_0841.png,1
img_0179.png,img_0877.png,2
img_0211.png,img_0206.png,1
img_0846.png,img_1302.png,2
img_0527.png,img_0522.png,1
img_0506.png,img_0259.png,2
img_1086.png,img_1083.png,1
img_0729.png,img_0314.png,2
img_0613.png,img_0610.png,1
img_0295.png,img_0171.png,2
img_0597.png,img_0594.png,1
img_0904.png,img_0957.png,2
img_0949.png,img_0951.png,1
img_0130.png,img_0346.png,2
img_0570.png,img_0565.png,1
img_0556.png,img_0651.png,2
img_0440.png,img_0442.png,1
img_0170.png,img_0694.png,2
img_0008.png,img_0014.png,2
img_0146.png,img_0140.png,1
img_0436.png,img_0438.png,1
img_0551.png,img_0120.png,2
img_0782.png,img_0789.png,1
img_0389.png,img_0253.png,2
img_0577.png,img_0579.png,1
img_0247.png,img_0683.png,2
img_0650.png,img_0647.png,2
img_0540.png,img_0534.png,1
img_0324.png,img_0323.png,1
img_1150.png,img_0063.png,2
img_0513.png,img_0516.png,1
img_0119.png,img_1140.png,2
img_0524.png,img_0523.png,1
img_0400.png,img_0296.png,2
img_0276.png,img_0268.png,2
img_1154.png,img_1147.png,2
img_0405.png,img_0407.png,1
img_0120.png,img_0124.png,1
img_1324.png,img_1320.png,2
img_0548.png,img_0555.png,1
img_0712.png,img_0707.png,1
img_0599.png,img_0839.png,2
img_0427.png,img_0423.png,1
img_0964.png,img_0030.png,2
img_1108.png,img_1100.png,2
img_0912.png,img_0907.png,1
img_0649.png,img_0646.png,2
img_0995.png,img_0987.png,2
img_0420.png,img_0418.png,2
img_1083.png,img_1077.png,1
img_1324.png,img_1321.png,2
img_1069.png,img_1074.png,1
img_0932.png,img_0924.png,2
img_0696.png,img_0697.png,1
img_1308.png,img_1315.png,1
img_0230.png,img_0227.png,1
img_0227.png,img_0226.png,1
img_1008.png,img_0156.png,2
img_1032.png,img_1036.png,2
img_0812.png,img_0804.png,2
img_0174.png,img_0175.png,1
img_0810.png,img_0804.png,1
img_0487.png,img_0480.png,1
img_1300.png,img_0759.png,2
img_1029.png,img_1030.png,1
img_0583.png,img_1377.png,2
img_1069.png,img_1067.png,1
img_1008.png,img_1199.png,2
img_0430.png,img_0425.png,1
img_1195.png,img_0708.png,2
img_0273.png,img_0278.png,2
img_0506.png,img_0501.png,2
img_1066.png,img_1069.png,1
img_0088.png,img_0081.png,1
img_0126.png,img_0128.png,1
img_0402.png,img_1156.png,2
img_0053.png,img_0046.png,1
img_0860.png,img_0624.png,2
img_0269.png,img_0261.png,2
img_0587.png,img_0579.png,2
img_0191.png,img_0198.png,1
img_1289.png,img_1286.png,1
img_0775.png,img_0783.png,2
img_0648.png,img_0640.png,2
img_0278.png,img_0281.png,1
img_0796.png,img_0791.png,2
img_0312.png,img_0308.png,1
img_0058.png,img_0059.png,1
img_0152.png,img_0153.png,1
img_0942.png,img_1007.png,2
img_0236.png,img_0233.png,1
img_1229.png,img_0263.png,2
img_0633.png,img_0636.png,1
img_0121.png,img_1071.png,2
img_1076.png,img_1081.png,1
img_0130.png,img_0004.png,2
img_1317.png,img_1321.png,1
img_0703.png,img_1291.png,2
img_0121.png,img_0123.png,1
img_0484.png,img_1031.png,2
img_0605.png,img_0610.png,1
img_0639.png,img_0946.png,2
img_0009.png,img_0006.png,2
img_0397.png,img_0405.png,2
img_1072.png,img_1074.png,1
img_0440.png,img_0435.png,1
img_1082.png,img_1080.png,1
img_1062.png,img_0009.png,2
img_0296.png,img_0304.png,2
img_0907.png,img_0903.png,1
img_0658.png,img_0666.png,2
img_0808.png,img_0812.png,2
img_1298.png,img_1297.png,1
img_0036.png,img_0044.png,2
img_0455.png,img_0462.png,2
img_1319.png,img_1324.png,2
img_0618.png,img_0622.png,1
img_0207.png,img_0214.png,2
img_0603.png,img_0598.png,2
img_0095.png,img_0098.png,2
img_0263.png,img_0269.png,2
img_0674.png,img_0681.png,1
img_0664.png,img_0657.png,2
img_0644.png,img_0645.png,1
img_0588.png,img_0596.png,1
img_0044.png,img_0043.png,2
img_1289.png,img_1296.png,2
img_1310.png,img_1317.png,2
img_0723.png,img_0718.png,2
img_0994.png,img_0997.png,1
img_1075.png,img_1071.png,1
img_1364.png,img_1372.png,1
img_0409.png,img_0414.png,1
img_0344.png,img_0346.png,1
img_1196.png,img_1204.png,1
img_0380.png,img_0374.png,2
img_0803.png,img_0800.png,1
img_0713.png,img_0717.png,1
img_1365.png,img_1360.png,2
img_1306.png,img_1301.png,1
img_1270.png,img_1276.png,1
img_0667.png,img_0673.png,2
img_1348.png,img_1347.png,1
img_1109.png,img_1115.png,1
img_0116.png,img_0118.png,1
img_1310.png,img_1289.png,2
img_0432.png,img_0428.png,1
img_0408.png,img_1361.png,2
img_0682.png,img_0681.png,1
img_0257.png,img_0174.png,2
img_0840.png,img_0835.png,1
img_0548.png,img_0740.png,2
img_0699.png,img_0706.png,1
img_0145.png,img_0246.png,2
img_0925.png,img_0931.png,2
img_0471.png,img_0477.png,2
img_0416.png,img_0420.png,2
img_1078.png,img_1083.png,1
img_0727.png,img_0722.png,1
img_0104.png,img_0098.png,1
img_1057.png,img_1061.png,1
img_0690.png,img_0939.png,2
img_0034.png,img_0026.png,2
img_0573.png,img_0574.png,1
img_1355.png,img_1351.png,1
img_1335.png,img_1167.png,2
img_1290.png,img_1285.png,1
img_1350.png,img_0097.png,2
img_1183.png,img_1191.png,1
img_0570.png,img_0460.png,2
img_0159.png,img_0153.png,1
img_0804.png,img_0489.png,2
img_1284.png,img_1281.png,1
img_0445.png,img_0169.png,2
img_0303.png,img_0299.png,2
img_0065.png,img_0067.png,1
img_0571.png,img_0575.png,1
img_0830.png,img_0128.png,2
img_1064.png,img_1061.png,2
img_0828.png,img_0829.png,1
img_0002.png,img_0006.png,1
img_0734.png,img_1055.png,2
img_0536.png,img_0541.png,1
img_0432.png,img_0399.png,2
img_0654.png,img_0661.png,1
img_0805.png,img_1024.png,2
img_0187.png,img_0194.png,1
img_0244.png,img_1228.png,2
img_0935.png,img_0929.png,2
img_1031.png,img_1024.png,1
img_0734.png,img_0738.png,2
img_0654.png,img_0652.png,1
img_0612.png,img_0614.png,1
img_1057.png,img_0590.png,2
img_1185.png,img_1184.png,1
img_0912.png,img_0215.png,2
img_0488.png,img_0481.png,1
img_0148.png,img_1273.png,2
img_0590.png,img_0582.png,2
img_1007.png,img_1010.png,1
img_0118.png,img_0122.png,1
img_0682.png,img_0333.png,2
img_1183.png,img_1182.png,1
img_0161.png,img_0911.png,2
img_0015.png,img_0014.png,1
img_1054.png,img_0715.png,2
img_0516.png,img_0520.png,2
img_0764.png,img_0767.png,1
img_0064.png,img_0058.png,2
img_0161.png,img_0160.png,1
img_1326.png,img_1332.png,1
img_0173.png,img_0322.png,2
img_1053.png,img_1057.png,1
img_1170.png,img_0471.png,2
img_0721.png,img_0713.png,2
img_1075.png,img_1074.png,1
img_0136.png,img_0144.png,2
img_1356.png,img_1357.png,1
img_0779.png,img_0782.png,1
img_0864.png,img_0120.png,2
img_0877.png,img_0875.png,1
img_0317.png,img_1089.png,2
img_0086.png,img_0079.png,1
img_0072.png,img_1314.png,2
img_0783.png,img_0780.png,1
img_0320.png,img_0831.png,2
img_1012.png,img_1005.png,2
img_1188.png,img_1189.png,1
img_0634.png,img_0628.png,1
img_0967.png,img_0715.png,2
img_0474.png,img_0475.png,2
img_0879.png,img_0878.png,1
img_0623.png,img_0616.png,2
img_1027.png,img_1024.png,1
img_0892.png,img_0896.png,2
img_0789.png,img_0788.png,1
img_0931.png,img_0928.png,2
img_0278.png,img_0284.png,1
img_0387.png,img_0394.png,2
img_0835.png,img_0841.png,1
img_0608.png,img_0609.png,1
img_0376.png,img_0796.png,2
img_1190.png,img_1183.png,1
img_0496.png,img_1159.png,2
img_1207.png,img_1206.png,1
img_0605.png,img_0362.png,2
img_0159.png,img_0158.png,1
img_0426.png,img_0342.png,2
img_0447.png,img_0454.png,1
img_0201.png,img_1284.png,2
img_0910.png,img_0912.png,1
img_0021.png,img_1375.png,2
img_0795.png,img_0787.png,2
img_1072.png,img_1068.png,1
img_0170.png,img_0167.png,2
img_1334.png,img_1332.png,1
img_0808.png,img_0800.png,1
img_1035.png,img_0674.png,2
img_0873.png,img_0871.png,1
img_0860.png,img_0302.png,2
img_0094.png,img_0090.png,1
img_0590.png,img_0215.png,2
img_0726.png,img_0731.png,1
img_0979.png,img_0309.png,2
img_0367.png,img_0360.png,2
img_0684.png,img_0690.png,2
img_1157.png,img_1149.png,2
img_1258.png,img_1255.png,1
img_0387.png,img_0388.png,1
img_0047.png,img_0048.png,1
img_0236.png,img_0244.png,1
img_0978.png,img_0701.png,2
img_0823.png,img_0815.png,1
img_0588.png,img_0696.png,2
img_1178.png,img_1176.png,1
img_0367.png,img_0980.png,2
img_0456.png,img_0457.png,1
img_0539.png,img_1367.png,2
img_0082.png,img_0079.png,1
img_0411.png,img_0403.png,2
img_0439.png,img_0435.png,1
img_1023.png,img_0975.png,2
img_0369.png,img_0365.png,2
img_0926.png,img_0932.png,2
img_0655.png,img_0649.png,1
img_0797.png,img_0798.png,1
img_0372.png,img_0377.png,2
img_1231.png,img_1234.png,1
img_0587.png,img_0590.png,1
img_0889.png,img_0518.png,2
img_0096.png,img_0095.png,1
img_0428.png,img_1119.png,2
img_0439.png,img_0440.png,1
img_0047.png,img_0279.png,2
img_0383.png,img_0387.png,1
img_0939.png,img_0491.png,2
img_1069.png,img_1073.png,1
img_0339.png,img_0946.png,2
img_1045.png,img_1047.png,1
img_1269.png,img_1377.png,2
img_0178.png,img_0181.png,1
img_1350.png,img_0071.png,2
img_1035.png,img_1031.png,2
img_0330.png,img_0334.png,2
img_0150.png,img_0146.png,1
img_0476.png,img_0473.png,2
img_0498.png,img_0495.png,1
img_0852.png,img_0858.png,1
img_0077.png,img_0071.png,2
img_0596.png,img_0598.png,1
img_0471.png,img_0470.png,1
img_0336.png,img_0184.png,2
img_0226.png,img_0220.png,1
img_1048.png,img_1253.png,2
img_1348.png,img_1356.png,2
img_0682.png,img_0689.png,2
img_0736.png,img_0733.png,2
img_0757.png,img_0751.png,2
img_0974.png,img_0968.png,2
img_1356.png,img_1354.png,1
img_0616.png,img_0619.png,1
img_1030.png,img_1031.png,1
img_1184.png,img_1177.png,2
img_0267.png,img_0273.png,2
img_1054.png,img_1062.png,1
img_1107.png,img_1101.png,2
img_0429.png,img_0428.png,1
img_1258.png,img_1253.png,1
img_0543.png,img_0548.png,1
img_0915.png,img_0910.png,1
img_0549.png,img_0548.png,1
img_0331.png,img_0771.png,2
img_0423.png,img_0428.png,1
img_0382.png,img_0760.png,2
img_0109.png,img_0111.png,1
img_1127.png,img_0690.png,2
img_0525.png,img_0518.png,1
img_1262.png,img_1314.png,2
img_1071.png,img_1079.png,2
img_0378.png,img_0370.png,2
img_0746.png,img_0749.png,2
img_1278.png,img_1274.png,1
img_1193.png,img_1186.png,1
img_0309.png,img_0305.png,1
img_0379.png,img_0377.png,1
img_0587.png,img_0366.png,2
img_0112.png,img_0106.png,2
img_0613.png,img_0617.png,1
img_0322.png,img_0315.png,2
img_1022.png,img_1018.png,2
img_0750.png,img_0748.png,2
img_1122.png,img_1118.png,2
img_1276.png,img_1281.png,2
img_1312.png,img_1307.png,2
img_1070.png,img_1064.png,1
img_1336.png,img_1330.png,2
img_0542.png,img_0539.png,1
img_0902.png,img_0904.png,1
img_0819.png,img_0813.png,1
img_1374.png,img_1368.png,1
img_0943.png,img_0951.png,2
img_0040.png,img_0032.png,2
img_0212.png,img_0205.png,2
img_0786.png,img_0794.png,2
img_0850.png,img_0856.png,1
img_0654.png,img_0659.png,1
img_0067.png,img_0064.png,1
img_0552.png,img_0556.png,1
img_0192.png,img_0199.png,1
img_0557.png,img_0561.png,1
img_0076.png,img_0083.png,2
img_0175.png,img_0179.png,1
img_0544.png,img_0548.png,1
img_0545.png,img_0940.png,2
img_0868.png,img_0866.png,1
img_1077.png,img_0046.png,2
img_1151.png,img_1143.png,1
img_1230.png,img_0792.png,2
img_0437.png,img_0445.png,1
img_0226.png,img_1074.png,2
img_0717.png,img_0724.png,2
img_0935.png,img_0933.png,1
img_0076.png,img_0077.png,2
img_0767.png,img_0771.png,1
img_0051.png,img_0056.png,2
img_0464.png,img_0471.png,1
img_0657.png,img_0659.png,1
img_1243.png,img_0581.png,2
img_0396.png,img_0402.png,1
img_0434.png,img_0656.png,2
img_0757.png,img_0753.png,2
img_1091.png,img_1096.png,1
img_0445.png,img_0443.png,1
img_0341.png,img_1272.png,2
img_0771.png,img_0779.png,2
img_0001.png,img_0006.png,1
img_1216.png,img_1221.png,1
img_0371.png,img_0526.png,2
img_1306.png,img_1304.png,1
img_1225.png,img_1033.png,2
img_0018.png,img_0024.png,1
img_0039.png,img_0796.png,2
img_1190.png,img_1194.png,1
img_0258.png,img_0149.png,2
img_0345.png,img_0343.png,1
img_0279.png,img_1109.png,2
img_0926.png,img_0931.png,2
img_0364.png,img_0368.png,1
img_1359.png,img_1353.png,1
img_0544.png,img_0336.png,2
img_0880.png,img_0873.png,2
img_1104.png,img_1099.png,1
img_0297.png,img_0305.png,2
img_0253.png,img_0257.png,1
img_0686.png,img_0681.png,2
img_0245.png,img_0247.png,1
img_0404.png,img_0412.png,2
img_1209.png,img_1213.png,2
img_0158.png,img_0157.png,1
img_0202.png,img_0195.png,1
img_0965.png,img_0973.png,1
img_1068.png,img_0188.png,2
img_1349.png,img_1346.png,1
img_1171.png,img_0274.png,2
img_0769.png,img_0777.png,2
img_0315.png,img_0320.png,2
img_0947.png,img_0945.png,1
img_1300.png,img_1307.png,1
img_0036.png,img_0028.png,2
img_0900.png,img_0897.png,2
img_1270.png,img_1265.png,2
img_0738.png,img_0741.png,1
img_1316.png,img_1321.png,1
img_1323.png,img_1331.png,1
img_1186.png,img_1189.png,1
img_0904.png,img_0887.png,2
img_1200.png,img_1196.png,1
img_0653.png,img_0013.png,2
img_0980.png,img_0972.png,2
img_1165.png,img_1161.png,2
img_0864.png,img_0865.png,1
img_1113.png,img_1118.png,1
img_0151.png,img_0153.png,1
img_1321.png,img_0248.png,2
img_1345.png,img_1353.png,2
img_0118.png,img_0124.png,1
img_0108.png,img_0116.png,2
img_0813.png,img_0817.png,1
img_0416.png,img_0421.png,2
img_0377.png,img_0374.png,2
img_1272.png,img_1267.png,1
img_0229.png,img_0221.png,2
img_0521.png,img_0514.png,2
img_0392.png,img_0386.png,2
img_1186.png,img_1181.png,2
img_1051.png,img_1044.png,2
img_0144.png,img_0147.png,1
img_1292.png,img_1300.png,2
img_0284.png,img_0285.png,1
img_0011.png,img_0009.png,1
img_0079.png,img_0073.png,2
img_0635.png,img_0637.png,1
img_1320.png,img_1316.png,1
img_0847.png,img_0840.png,2
img_1200.png,img_1205.png,1
img_0247.png,img_0249.png,1
img_1006.png,img_1009.png,2
img_1065.png,img_1071.png,1
img_0787.png,img_0786.png,1
img_0132.png,img_0135.png,1
img_0411.png,img_0406.png,1
img_0795.png,img_0547.png,2
img_1256.png,img_1264.png,1
img_0547.png,img_0218.png,2
img_0596.png,img_0602.png,2
img_0411.png,img_0416.png,1
img_1111.png,img_1116.png,1
img_0806.png,img_0332.png,2
img_0762.png,img_0767.png,2
img_0557.png,img_0558.png,1
img_0957.png,img_0956.png,1
img_0678.png,img_0752.png,2
img_1296.png,img_1291.png,2
img_0155.png,img_0153.png,1
img_0530.png,img_0536.png,1
img_0813.png,img_0925.png,2
img_0708.png,img_0709.png,1
img_1090.png,img_0590.png,2
img_0407.png,img_0414.png,1
img_0640.png,img_0154.png,2
img_0916.png,img_0910.png,2
img_1366.png,img_1371.png,1
img_0857.png,img_0859.png,1
img_1087.png,img_0601.png,2
img_0195.png,img_0190.png,1
img_0790.png,img_0825.png,2
img_1354.png,img_1360.png,1
img_0910.png,img_0302.png,2
img_0626.png,img_0629.png,2
img_0180.png,img_0173.png,1
img_0786.png,img_0784.png,1
img_0661.png,img_0779.png,2
img_1256.png,img_1258.png,1
img_0132.png,img_0485.png,2
img_0867.png,img_0865.png,1
img_0897.png,img_0209.png,2
img_0651.png,img_0659.png,1
img_0429.png,img_0946.png,2
img_0652.png,img_0653.png,1
img_0861.png,img_0611.png,2
img_0873.png,img_0877.png,2
img_0610.png,img_0617.png,1
img_0976.png,img_0984.png,2
img_0085.png,img_0089.png,1
img_0161.png,img_0154.png,1
img_0227.png,img_0506.png,2
img_0448.png,img_0443.png,2
img_0255.png,img_0262.png,2
img_0493.png,img_0497.png,1
img_1018.png,img_1024.png,2
img_1185.png,img_1187.png,1
img_0890.png,img_0883.png,2
img_0977.png,img_0976.png,1
img_0299.png,img_0304.png,2
img_0303.png,img_0301.png,1
img_0839.png,img_0833.png,1
img_0048.png,img_0049.png,1
img_0893.png,img_0833.png,2
img_0881.png,img_0885.png,1
img_0274.png,img_1025.png,2
img_0906.png,img_0907.png,1
img_0984.png,img_1032.png,2
img_0676.png,img_0684.png,1
img_0001.png,img_0723.png,2
img_0521.png,img_0520.png,1
img_0017.png,img_1051.png,2
img_0800.png,img_0793.png,2
img_0259.png,img_0255.png,2
img_0653.png,img_0647.png,2
img_0064.png,img_0070.png,1
img_0958.png,img_0950.png,2
img_0812.png,img_0807.png,2
img_1208.png,img_1212.png,2
img_0564.png,img_0559.png,1
img_0248.png,img_0244.png,2
img_0048.png,img_0043.png,2
img_0367.png,img_0364.png,1
img_0991.png,img_0987.png,1
img_1041.png,img_1042.png,1
img_1051.png,img_1057.png,1
img_0769.png,img_0768.png,1
img_0111.png,img_0113.png,2
img_0839.png,img_0837.png,1
img_0713.png,img_0715.png,1
img_0232.png,img_0237.png,1
img_1322.png,img_0117.png,2
img_0659.png,img_0662.png,2
img_0031.png,img_0027.png,2
img_0497.png,img_0502.png,1
img_0313.png,img_0315.png,1
img_0972.png,img_0967.png,1
img_1113.png,img_0773.png,2
img_1204.png,img_1207.png,1
img_1217.png,img_1115.png,2
img_1173.png,img_1170.png,1
img_0196.png,img_0142.png,2
img_1078.png,img_1080.png,1
img_0421.png,img_0886.png,2
img_0929.png,img_0930.png,2
img_0538.png,img_0530.png,1
img_1369.png,img_1370.png,2
img_0146.png,img_0145.png,2
img_0112.png,img_0108.png,2
img_0973.png,img_0980.png,2
img_0688.png,img_0681.png,2
img_0773.png,img_0770.png,1
img_0387.png,img_0392.png,2
img_0780.png,img_0779.png,1
img_1361.png,img_1367.png,2
img_0701.png,img_0709.png,2
img_1309.png,img_1315.png,1
img_0433.png,img_0438.png,1
img_0944.png,img_0948.png,1
img_0425.png,img_0427.png,1
img_1226.png,img_1223.png,1
img_0504.png,img_0499.png,2
img_1024.png,img_1022.png,1
img_0745.png,img_0747.png,1
img_0750.png,img_0743.png,2
img_0703.png,img_0699.png,1
img_0921.png,img_0923.png,1
img_0435.png,img_0098.png,2
img_0236.png,img_0231.png,1
img_0291.png,img_0114.png,2
img_0170.png,img_0172.png,1
img_0071.png,img_0926.png,2
img_0381.png,img_0387.png,1
img_0286.png,img_1376.png,2
img_0102.png,img_0104.png,1
img_0883.png,img_0781.png,2
img_0751.png,img_0746.png,2
img_1115.png,img_1107.png,1
img_0233.png,img_0234.png,1
img_0481.png,img_0373.png,2
img_1369.png,img_1374.png,1
img_0584.png,img_0816.png,2
img_0071.png,img_0073.png,1
img_0598.png,img_0256.png,2
img_0701.png,img_0698.png,1
img_1340.png,img_0699.png,2
img_0226.png,img_0233.png,2
img_0556.png,img_0564.png,2
img_0030.png,img_0033.png,2
img_0083.png,img_0080.png,1
img_0761.png,img_0754.png,1
img_1085.png,img_1089.png,1
img_0096.png,img_0097.png,1
img_0641.png,img_1311.png,2
img_0996.png,img_1004.png,1
img_0093.png,img_1266.png,2
img_0156.png,img_0158.png,1
img_1111.png,img_0652.png,2
img_1078.png,img_1071.png,2
img_0102.png,img_0105.png,1
img_0656.png,img_0651.png,1
img_0623.png,img_0667.png,2
img_0690.png,img_0686.png,1
img_1293.png,img_0339.png,2
img_0123.png,img_0128.png,2
img_0372.png,img_0376.png,1
img_0989.png,img_0990.png,1
img_0214.png,img_0668.png,2
img_0924.png,img_0916.png,1
img_0057.png,img_0319.png,2
img_1333.png,img_1341.png,2
img_1070.png,img_1074.png,1
img_1270.png,img_1268.png,1
img_1111.png,img_0424.png,2
img_0062.png,img_0058.png,2
img_0235.png,img_0228.png,2
img_0718.png,img_0710.png,1
img_1165.png,img_1162.png,2
img_0559.png,img_0557.png,1
img_0313.png,img_0312.png,1
img_0658.png,img_0665.png,2
img_0612.png,img_0616.png,1
img_1327.png,img_1323.png,1
img_0926.png,img_1031.png,2
img_1283.png,img_1278.png,2
img_0668.png,img_0660.png,2
img_0049.png,img_0047.png,1
img_1170.png,img_1167.png,1
img_0178.png,img_0183.png,2
img_0359.png,img_0361.png,1
img_0199.png,img_0191.png,1
img_0188.png,img_1193.png,2
img_0879.png,img_0877.png,1
img_1202.png,img_0082.png,2
img_1029.png,img_1033.png,1
img_0941.png,img_1132.png,2
img_1086.png,img_1087.png,1
img_0090.png,img_0931.png,2
img_0199.png,img_0198.png,1
img_0640.png,img_1259.png,2
img_1254.png,img_1250.png,1
img_1269.png,img_0066.png,2
img_1040.png,img_1045.png,1
img_0136.png,img_0037.png,2
img_1183.png,img_1175.png,2
img_1169.png,img_1167.png,2
img_0910.png,img_0905.png,1
img_1051.png,img_1047.png,2
img_0528.png,img_0527.png,1
img_1296.png,img_1297.png,2
img_1010.png,img_1013.png,1
img_1235.png,img_1239.png,1
img_1182.png,img_1174.png,2
img_1102.png,img_1099.png,1
img_0080.png,img_0082.png,1
img_0201.png,img_0841.png,2
img_0664.png,img_0667.png,1
img_1330.png,img_0163.png,2
img_1046.png,img_1040.png,1
img_1174.png,img_0015.png,2
img_1044.png,img_1047.png,1
img_1062.png,img_1046.png,2
img_0328.png,img_0326.png,1
img_0601.png,img_1194.png,2
img_1100.png,img_1104.png,1
img_0024.png,img_0112.png,2
img_0978.png,img_0976.png,1
img_1252.png,img_0057.png,2
img_1369.png,img_1365.png,1
img_1011.png,img_0582.png,2
img_1145.png,img_1149.png,1
img_1103.png,img_1334.png,2
img_0256.png,img_0264.png,2
img_0899.png,img_0903.png,2
img_0994.png,img_1001.png,1
img_0204.png,img_0212.png,2
img_0215.png,img_0212.png,1
img_0908.png,img_0914.png,1
img_0695.png,img_0701.png,1
img_0661.png,img_0949.png,2
img_0725.png,img_0719.png,2
img_1198.png,img_1205.png,1
img_1126.png,img_1125.png,1
img_0691.png,img_1360.png,2
img_0261.png,img_0253.png,2
img_0576.png,img_0571.png,1
img_0109.png,img_0117.png,2
img_0136.png,img_0142.png,2
img_1123.png,img_1130.png,1
img_1093.png,img_1086.png,2
img_0612.png,img_0617.png,1
img_0164.png,img_0170.png,2
img_0164.png,img_0158.png,1
img_0792.png,img_0785.png,2
img_0011.png,img_0008.png,2
img_0893.png,img_0894.png,2
img_1085.png,img_1078.png,1
img_0861.png,img_0863.png,1
img_0436.png,img_0431.png,2
img_0432.png,img_0437.png,2
img_0311.png,img_0313.png,1
img_0454.png,img_0450.png,1
img_1203.png,img_1204.png,1
img_1075.png,img_1072.png,1
img_0699.png,img_0705.png,1
img_1013.png,img_1094.png,2
img_0545.png,img_0538.png,2
img_0531.png,img_0537.png,1
img_0146.png,img_0151.png,1
img_1110.png,img_0163.png,2
img_1336.png,img_1342.png,1
img_0692.png,img_0208.png,2
img_0505.png,img_0510.png,1
img_0001.png,img_0334.png,2
img_1271.png,img_1278.png,1
img_1265.png,img_0590.png,2
img_1084.png,img_1086.png,1
img_0792.png,img_0920.png,2
img_0681.png,img_0680.png,1
img_0764.png,img_0134.png,2
img_0023.png,img_0029.png,1
img_1364.png,img_0061.png,2
img_0435.png,img_0428.png,2
img_0002.png,img_0003.png,1
img_0709.png,img_0706.png,2
img_1108.png,img_1105.png,2
img_0049.png,img_0041.png,2
img_1114.png,img_1110.png,1
img_0328.png,img_0329.png,1
img_0957.png,img_0952.png,1
img_0422.png,img_0417.png,2
img_1351.png,img_1353.png,1
img_1024.png,img_1023.png,1
img_0910.png,img_0444.png,2
img_1195.png,img_1203.png,2
img_0131.png,img_0127.png,1
img_0092.png,img_0093.png,1
img_1102.png,img_0432.png,2
img_0558.png,img_0561.png,1
img_0507.png,img_0371.png,2
img_0051.png,img_0053.png,1
img_0809.png,img_1167.png,2
img_1231.png,img_1227.png,2
img_0487.png,img_0491.png,2
img_0674.png,img_0671.png,2
img_0915.png,img_0919.png,2
img_0072.png,img_0075.png,1
img_0217.png,img_0210.png,2
img_0717.png,img_0718.png,1
img_0323.png,img_0318.png,2
img_0742.png,img_0741.png,1
img_1321.png,img_1315.png,1
img_1039.png,img_1035.png,1
img_0043.png,img_0046.png,2
img_1205.png,img_1211.png,2
img_1362.png,img_1359.png,1
img_0575.png,img_0580.png,1
img_0806.png,img_0805.png,1
img_0195.png,img_0193.png,1
img_0123.png,img_0828.png,2
img_0339.png,img_0342.png,1
img_1090.png,img_0090.png,2
img_0076.png,img_0069.png,1
img_1346.png,img_0584.png,2
img_1107.png,img_1113.png,1
img_0744.png,img_0113.png,2
img_1363.png,img_1358.png,1
img_0583.png,img_1072.png,2
img_0725.png,img_0726.png,1
img_0443.png,img_0607.png,2
img_0968.png,img_0965.png,1
img_0368.png,img_0854.png,2
img_0567.png,img_0560.png,1
img_1240.png,img_0641.png,2
img_1012.png,img_1018.png,1
img_0094.png,img_1024.png,2
img_0530.png,img_0523.png,2
img_0866.png,img_0870.png,1
img_0460.png,img_0452.png,1
img_0558.png,img_0716.png,2
img_0131.png,img_0139.png,1
img_0680.png,img_0612.png,2
img_1101.png,img_1104.png,1
img_0255.png,img_0390.png,2
img_1259.png,img_1257.png,1
img_0568.png,img_0326.png,2
img_0197.png,img_0198.png,1
img_0855.png,img_0622.png,2
img_0525.png,img_0529.png,2
img_0414.png,img_0416.png,1
img_0368.png,img_0367.png,1
img_0141.png,img_0900.png,2
img_1086.png,img_1082.png,1
img_0504.png,img_1157.png,2
img_1066.png,img_1072.png,1
img_0491.png,img_1248.png,2
img_1164.png,img_1169.png,2
img_0635.png,img_0632.png,1
img_0285.png,img_0278.png,2
img_0328.png,img_0320.png,1
img_0074.png,img_0077.png,2
img_0911.png,img_0918.png,2
img_0397.png,img_0395.png,1
img_0661.png,img_0667.png,2
img_0994.png,img_0991.png,2
img_0070.png,img_0074.png,1
img_0060.png,img_0065.png,2
img_0972.png,img_0976.png,1
img_1025.png,img_1024.png,1
img_0663.png,img_0667.png,1
img_0406.png,img_0414.png,1
img_0982.png,img_1340.png,2
img_1044.png,img_1046.png,1
img_1169.png,img_0954.png,2
img_0815.png,img_0807.png,2
img_0419.png,img_0415.png,2
img_0339.png,img_0336.png,1
img_1115.png,img_1119.png,2
img_0771.png,img_0769.png,1
img_0900.png,img_0895.png,2
img_0675.png,img_0673.png,1
img_0384.png,img_0376.png,2
img_0518.png,img_0517.png,1
img_0655.png,img_0653.png,1
img_1147.png,img_1142.png,1
img_1033.png,img_0828.png,2
img_1185.png,img_1186.png,2
img_0634.png,img_0630.png,1
img_0492.png,img_0490.png,1
img_1179.png,img_0263.png,2
img_1249.png,img_1248.png,1
img_0746.png,img_0996.png,2
img_1351.png,img_1343.png,2
img_0107.png,img_0108.png,1
img_0356.png,img_0355.png,1
img_1228.png,img_1037.png,2
img_1083.png,img_1084.png,1
img_0668.png,img_0385.png,2
img_0564.png,img_0562.png,1
img_0142.png,img_1327.png,2
img_0405.png,img_0399.png,2
img_0268.png,img_0267.png,1
img_0676.png,img_0677.png,1
img_0165.png,img_0098.png,2
img_0333.png,img_0332.png,1
img_0074.png,img_0162.png,2
img_1348.png,img_1355.png,2
img_0939.png,img_0942.png,1
img_1230.png,img_1229.png,1
img_0687.png,img_0438.png,2
img_1230.png,img_1224.png,1
img_0119.png,img_0933.png,2
img_0882.png,img_0886.png,1
img_0852.png,img_0580.png,2
img_0901.png,img_0905.png,2
img_1065.png,img_1067.png,1
img_0915.png,img_0920.png,2
img_0878.png,img_0876.png,1
img_0206.png,img_0209.png,1
img_1079.png,img_0662.png,2
img_1139.png,img_1146.png,2
img_0178.png,img_0176.png,1
img_1226.png,img_1232.png,2
img_0604.png,img_0598.png,2
img_0355.png,img_0352.png,1
img_0155.png,img_0157.png,1
img_0310.png,img_0302.png,1
img_0983.png,img_1064.png,2
img_1275.png,img_1270.png,1
img_0007.png,img_0116.png,2
img_0946.png,img_0951.png,1
img_1290.png,img_0894.png,2
img_1083.png,img_1087.png,1
img_1142.png,img_0649.png,2
img_1326.png,img_1318.png,2
img_0736.png,img_0740.png,1
img_0938.png,img_0941.png,1
img_0017.png,img_1200.png,2
img_1040.png,img_1034.png,2
img_0646.png,img_0644.png,1
img_0861.png,img_0854.png,2
img_0458.png,img_0462.png,2
img_0938.png,img_0944.png,2
img_0736.png,img_0742.png,1
img_1263.png,img_1259.png,1
img_1314.png,img_1307.png,2
img_0427.png,img_0433.png,2
img_0506.png,img_0511.png,1
img_0729.png,img_0737.png,2
img_0700.png,img_0693.png,1
img_0917.png,img_0910.png,2
img_0832.png,img_0829.png,2
img_1373.png,img_1377.png,1
img_0878.png,img_0877.png,1
img_0582.png,img_0583.png,1
img_0645.png,img_0638.png,1
img_0501.png,img_0502.png,1
img_0162.png,img_0345.png,2
img_0203.png,img_0211.png,2
img_0896.png,img_0898.png,1
img_0398.png,img_0402.png,1
img_0801.png,img_0566.png,2
img_0837.png,img_0843.png,1
img_0637.png,img_1180.png,2
img_1105.png,img_1098.png,2
img_0409.png,img_0412.png,1
img_0752.png,img_0750.png,1
img_0611.png,img_0241.png,2
img_0170.png,img_0163.png,2
img_0961.png,img_0968.png,2
img_1223.png,img_1216.png,1
img_1260.png,img_1258.png,1
img_0321.png,img_0318.png,2
img_0171.png,img_0175.png,1
img_0817.png,img_0819.png,1
img_0116.png,img_0031.png,2
img_0314.png,img_0316.png,1
img_0150.png,img_1311.png,2
img_1268.png,img_1262.png,2
img_0182.png,img_0174.png,2
img_0383.png,img_0382.png,1
img_0038.png,img_0032.png,2
img_0210.png,img_0212.png,1
img_0861.png,img_0860.png,1
img_1286.png,img_1287.png,1
img_1192.png,img_1330.png,2
img_1361.png,img_1363.png,1
img_0458.png,img_1187.png,2
img_0020.png,img_0021.png,1
img_0458.png,img_0389.png,2
img_0289.png,img_0293.png,1
img_1296.png,img_0412.png,2
img_0799.png,img_0802.png,1
img_1012.png,img_0424.png,2
img_0812.png,img_0817.png,1
img_0749.png,img_0278.png,2
img_0548.png,img_0551.png,1
img_0168.png,img_0164.png,2
img_0941.png,img_0944.png,2
img_0990.png,img_0996.png,2
img_0325.png,img_0329.png,1
img_0297.png,img_0291.png,1
img_0690.png,img_0691.png,1
img_0049.png,img_1213.png,2
img_0018.png,img_0021.png,1
img_1228.png,img_0839.png,2
img_0863.png,img_0870.png,1
img_1232.png,img_1351.png,2
img_1299.png,img_1305.png,1
img_0357.png,img_0323.png,2
img_0008.png,img_0007.png,1
img_0009.png,img_0745.png,2
img_0828.png,img_0830.png,1
img_0883.png,img_0672.png,2
img_0290.png,img_0297.png,1
img_0495.png,img_0450.png,2
img_0447.png,img_0453.png,1
img_1196.png,img_0653.png,2
img_0379.png,img_0384.png,1
img_0611.png,img_0911.png,2
img_0557.png,img_0565.png,1
img_0992.png,img_1126.png,2
img_0678.png,img_0685.png,1
img_1002.png,img_0632.png,2
img_1287.png,img_1293.png,1
img_0994.png,img_0773.png,2
img_0115.png,img_0120.png,1
img_0565.png,img_0600.png,2
img_1098.png,img_1097.png,1
img_1190.png,img_1003.png,2
img_0204.png,img_0203.png,1
img_0959.png,img_0773.png,2
img_0200.png,img_0201.png,1
img_1318.png,img_0315.png,2
img_0524.png,img_0529.png,2
img_1133.png,img_1125.png,2
img_0891.png,img_0893.png,1
img_0656.png,img_0663.png,2
img_0648.png,img_0656.png,2
img_0461.png,img_0459.png,2
img_0701.png,img_0706.png,1
img_1224.png,img_1216.png,1
img_0492.png,img_0486.png,2
img_1338.png,img_1345.png,1
img_0091.png,img_0087.png,1
img_1329.png,img_1334.png,1
img_1038.png,img_1039.png,1
img_0068.png,img_0688.png,2
img_0568.png,img_0572.png,2
img_1194.png,img_1188.png,1
img_0357.png,img_0349.png,1
img_0952.png,img_1236.png,2
img_0616.png,img_0614.png,1
img_1238.png,img_1222.png,2
img_1148.png,img_1140.png,1
img_0483.png,img_0604.png,2
img_0352.png,img_0360.png,1
img_0056.png,img_0936.png,2
img_0742.png,img_0747.png,1
img_0287.png,img_0243.png,2
img_1105.png,img_1099.png,2
img_0357.png,img_0360.png,1
img_1113.png,img_1110.png,1
img_1349.png,img_0242.png,2
img_1345.png,img_1343.png,1
img_0970.png,img_0699.png,2
img_1045.png,img_1050.png,2
img_0532.png,img_0527.png,2
img_0904.png,img_0912.png,1
img_0111.png,img_0119.png,2
img_1164.png,img_1165.png,2
img_1126.png,img_1118.png,2
img_1176.png,img_1179.png,1
img_0656.png,img_0661.png,1
img_0391.png,img_0393.png,1
img_0680.png,img_0675.png,1
img_0367.png,img_0362.png,2
img_1208.png,img_1201.png,1
img_1227.png,img_1234.png,2
img_0722.png,img_0715.png,2
img_0564.png,img_0572.png,2
img_0485.png,img_0491.png,2
img_0317.png,img_0319.png,1
img_0506.png,img_0510.png,1
img_1160.png,img_1155.png,1
img_1161.png,img_1158.png,2
img_0488.png,img_0491.png,2
img_0177.png,img_0181.png,1
img_0389.png,img_0396.png,2
img_1307.png,img_1301.png,1
img_0794.png,img_0790.png,2
img_0527.png,img_0534.png,2
img_1162.png,img_1170.png,2
img_0928.png,img_0926.png,1
img_0555.png,img_0559.png,2
img_0188.png,img_0194.png,1
img_0904.png,img_0911.png,1
img_1108.png,img_1113.png,1
img_1004.png,img_1012.png,2
img_0630.png,img_0627.png,1
img_0265.png,img_0267.png,2
img_1229.png,img_1225.png,1
img_1129.png,img_1135.png,2
img_0195.png,img_0196.png,1
img_0353.png,img_0351.png,1
img_0097.png,img_0105.png,2
img_0187.png,img_0181.png,2
img_0651.png,img_0648.png,1
img_0413.png,img_0419.png,2
img_0927.png,img_0925.png,1
img_0135.png,img_0128.png,1
img_0375.png,img_0379.png,2
img_0989.png,img_0987.png,1
img_0473.png,img_0477.png,2
img_1056.png,img_1054.png,1
img_1341.png,img_1349.png,1
img_0922.png,img_0926.png,1
img_0275.png,img_0864.png,2
img_0557.png,img_0554.png,2
img_0886.png,img_0883.png,1
img_0706.png,img_0698.png,1
img_0515.png,img_0729.png,2
img_0977.png,img_0985.png,2
img_0325.png,img_0333.png,1
img_0067.png,img_0059.png,2
img_1281.png,img_1286.png,1
img_0371.png,img_0369.png,1
img_1239.png,img_0651.png,2
img_0070.png,img_0078.png,2
img_0868.png,img_0876.png,2
img_1150.png,img_1147.png,1
img_0760.png,img_0754.png,1
img_0797.png,img_0795.png,2
img_0408.png,img_0402.png,2
img_1281.png,img_1289.png,1
img_0252.png,img_0250.png,1
img_0830.png,img_0831.png,1
img_0755.png,img_0468.png,2
img_1118.png,img_1119.png,2
img_0251.png,img_0244.png,2
img_1191.png,img_1194.png,1
img_0544.png,img_0540.png,1
img_0091.png,img_0085.png,1
img_0863.png,img_1291.png,2
img_0402.png,img_0410.png,2
img_0620.png,img_0627.png,2
img_1143.png,img_1140.png,1
img_0840.png,img_0848.png,2
img_0151.png,img_0143.png,1
img_0731.png,img_0734.png,1
img_0015.png,img_0011.png,1
img_1303.png,img_0783.png,2
img_0983.png,img_0985.png,1
img_0027.png,img_0090.png,2
img_0537.png,img_0538.png,1
img_0025.png,img_1114.png,2
img_1134.png,img_1139.png,1
img_0357.png,img_0673.png,2
img_0098.png,img_0100.png,1
img_0216.png,img_0432.png,2
img_0209.png,img_0215.png,2
img_0893.png,img_0892.png,1
img_0333.png,img_0337.png,2
img_0479.png,img_0477.png,1
img_1170.png,img_1168.png,1
img_1067.png,img_1328.png,2
img_1018.png,img_1014.png,1
img_0858.png,img_0184.png,2
img_0558.png,img_0550.png,2
img_0522.png,img_0528.png,1
img_0097.png,img_0093.png,1
img_0443.png,img_1206.png,2
img_0681.png,img_0675.png,1
img_1237.png,img_0006.png,2
img_0848.png,img_0856.png,1
img_0095.png,img_1137.png,2
img_1238.png,img_1233.png,1
img_1255.png,img_0720.png,2
img_0122.png,img_0123.png,1
img_1061.png,img_0100.png,2
img_0819.png,img_0823.png,1
img_1072.png,img_0218.png,2
img_0224.png,img_0226.png,1
img_0452.png,img_1089.png,2
img_1105.png,img_1111.png,2
img_1153.png,img_1150.png,1
img_0188.png,img_0189.png,1
img_0753.png,img_0487.png,2
img_0581.png,img_0575.png,1
img_0143.png,img_0262.png,2
img_0299.png,img_0307.png,2
img_0822.png,img_0814.png,1
img_1215.png,img_1208.png,2
img_0648.png,img_0650.png,1
img_0638.png,img_0641.png,1
img_0658.png,img_0581.png,2
img_1339.png,img_1341.png,1
img_0764.png,img_0471.png,2
img_1241.png,img_1247.png,2
img_0352.png,img_0358.png,1
img_0382.png,img_0377.png,1
img_1342.png,img_0048.png,2
img_1283.png,img_1280.png,1
img_1093.png,img_1078.png,2
img_1047.png,img_1049.png,2
img_1374.png,img_1377.png,1
img_1163.png,img_1159.png,2
img_0761.png,img_0765.png,2
img_1075.png,img_1067.png,1
img_0124.png,img_0117.png,1
img_0465.png,img_0457.png,2
img_0615.png,img_0608.png,1
img_1110.png,img_1106.png,1
img_1307.png,img_0531.png,2
img_1225.png,img_1233.png,2
img_0425.png,img_0419.png,1
img_1267.png,img_1261.png,2
img_0208.png,img_0205.png,1
img_0835.png,img_0836.png,1
img_1320.png,img_0009.png,2
img_0206.png,img_0207.png,1
img_0171.png,img_0134.png,2
img_0594.png,img_0586.png,1
img_0215.png,img_0407.png,2
img_0158.png,img_0151.png,1
img_1235.png,img_0997.png,2
img_0950.png,img_0955.png,1
img_1200.png,img_0564.png,2
img_0752.png,img_0757.png,2
img_1310.png,img_1307.png,2
img_0505.png,img_0497.png,2
img_0294.png,img_0292.png,1
img_1337.png,img_1335.png,2
img_1016.png,img_1010.png,1
img_1302.png,img_1298.png,1
img_0060.png,img_0055.png,2
img_0707.png,img_0702.png,2
img_0122.png,img_0121.png,1
img_0804.png,img_0796.png,2
img_0775.png,img_0778.png,2
img_0005.png,img_0001.png,1
img_0920.png,img_0924.png,1
img_0616.png,img_0624.png,2
img_0476.png,img_0480.png,1
img_0525.png,img_0530.png,2
img_1284.png,img_1276.png,2
img_0902.png,img_0896.png,2
img_0103.png,img_0109.png,1
img_0083.png,img_0081.png,1
img_1159.png,img_1166.png,2
img_0296.png,img_0299.png,1
img_1144.png,img_1141.png,1
img_0187.png,img_0190.png,1
img_1174.png,img_1173.png,1
img_0861.png,img_0857.png,2
img_0153.png,img_0146.png,1
img_1348.png,img_1340.png,2
img_1155.png,img_1150.png,2
img_0586.png,img_0584.png,2
img_0941.png,img_0940.png,1
img_0559.png,img_0563.png,1
img_0420.png,img_0424.png,1
img_0046.png,img_0039.png,2
img_0388.png,img_0383.png,1
img_0628.png,img_0633.png,1
img_1345.png,img_0160.png,2
img_0205.png,img_0197.png,2
img_0528.png,img_0534.png,2
img_0564.png,img_0567.png,1
img_1316.png,img_1310.png,1
img_0922.png,img_0930.png,2
img_0091.png,img_0093.png,1
img_1037.png,img_1035.png,1
img_1091.png,img_0562.png,1
img_0931.png,img_0493.png,2
img_1270.png,img_0785.png,2
img_0364.png,img_0363.png,1
img_0285.png,img_0730.png,2
img_0635.png,img_0641.png,1
img_0750.png,img_0300.png,2
img_1154.png,img_1162.png,2
img_0733.png,img_0738.png,2
img_1171.png,img_1174.png,1
img_0542.png,img_0550.png,2
img_0340.png,img_0347.png,1
img_0784.png,img_0777.png,1
img_0206.png,img_0212.png,2
img_0032.png,img_0029.png,2
img_0659.png,img_0660.png,1
img_1352.png,img_1353.png,1
img_1304.png,img_1309.png,2
img_0202.png,img_0204.png,2
img_0441.png,img_0434.png,1
img_0801.png,img_0809.png,1
img_0551.png,img_0554.png,1
img_0833.png,img_0328.png,2
img_0627.png,img_0628.png,1
img_0588.png,img_0833.png,2
img_0304.png,img_0303.png,1
img_0157.png,img_0604.png,2
img_0816.png,img_0819.png,1
img_0986.png,img_1034.png,2
img_0528.png,img_0521.png,1
img_0306.png,img_1114.png,2
img_1078.png,img_1076.png,2
img_0681.png,img_0673.png,1
img_0743.png,img_0742.png,1
img_0943.png,img_0613.png,2
img_1022.png,img_1028.png,1
img_0371.png,img_0354.png,2
img_1042.png,img_1034.png,2
img_0780.png,img_0773.png,2
img_0267.png,img_0259.png,2
img_1217.png,img_1225.png,1
img_1262.png,img_1267.png,2
img_0342.png,img_0337.png,1
img_0781.png,img_0785.png,1
img_1068.png,img_1074.png,1
img_0380.png,img_0373.png,2
img_0494.png,img_0500.png,1
img_0894.png,img_0892.png,2
img_0227.png,img_0219.png,2
img_0170.png,img_0177.png,1
img_0705.png,img_0701.png,1
img_0506.png,img_0505.png,1
img_0993.png,img_0170.png,2
img_0492.png,img_0497.png,1
img_0028.png,img_0698.png,2
img_0143.png,img_0140.png,1
img_1111.png,img_0326.png,2
img_0836.png,img_0841.png,1
img_0379.png,img_0410.png,2
img_1182.png,img_1185.png,1
img_1313.png,img_0998.png,2
img_0303.png,img_0302.png,1
img_0305.png,img_0043.png,2
img_1224.png,img_1232.png,2
img_0392.png,img_0389.png,2
img_0970.png,img_0974.png,1
img_1240.png,img_1244.png,1
img_0249.png,img_0257.png,1
img_0844.png,img_0761.png,2
img_0901.png,img_0902.png,2
img_0624.png,img_0622.png,1
img_0691.png,img_0697.png,1
img_0783.png,img_0094.png,2
img_1052.png,img_1055.png,1
img_0982.png,img_0916.png,2
img_0663.png,img_0665.png,1
img_1062.png,img_0772.png,2
img_0855.png,img_0857.png,1
img_0020.png,img_1359.png,2
img_0545.png,img_0546.png,1
img_0600.png,img_0494.png,2
img_0880.png,img_0876.png,1
img_0789.png,img_1095.png,2
img_0359.png,img_0362.png,1
img_0168.png,img_0844.png,2
img_0632.png,img_0625.png,2
img_1359.png,img_1358.png,1
img_0471.png,img_0469.png,1
img_0260.png,img_1197.png,2
img_1005.png,img_1009.png,2
img_0643.png,img_0646.png,1
img_0202.png,img_0205.png,2
img_1256.png,img_1250.png,1
img_0049.png,img_0052.png,1
img_0337.png,img_0091.png,2
img_1104.png,img_1102.png,1
img_0453.png,img_0368.png,2
img_0657.png,img_0662.png,2
img_0556.png,img_0548.png,1
img_0441.png,img_0446.png,1
img_1058.png,img_0020.png,2
img_0110.png,img_0118.png,2
img_1051.png,img_1054.png,1
img_1234.png,img_1236.png,1
img_0564.png,img_0794.png,2
img_0774.png,img_0776.png,1
img_1324.png,img_0649.png,2
img_1313.png,img_1315.png,1
img_1032.png,img_0209.png,2
img_1167.png,img_1160.png,2
img_0662.png,img_0656.png,2
img_0033.png,img_0038.png,1
img_0320.png,img_0313.png,2
img_0419.png,img_0420.png,1
img_0220.png,img_0223.png,1
img_0271.png,img_0274.png,2
img_0111.png,img_0105.png,1
img_0635.png,img_0628.png,1
img_0479.png,img_0070.png,2
img_0958.png,img_0959.png,1
img_0840.png,img_0927.png,2
img_0700.png,img_0695.png,1
img_0760.png,img_1198.png,2
img_0335.png,img_0341.png,1
img_0403.png,img_0711.png,2
img_0209.png,img_0208.png,1
img_1083.png,img_1368.png,2
img_1261.png,img_1259.png,1
img_0349.png,img_0394.png,2
img_1298.png,img_1290.png,2
img_0732.png,img_0734.png,1
img_1376.png,img_1377.png,1
img_0574.png,img_0158.png,2
img_0410.png,img_0405.png,1
img_1221.png,img_1176.png,2
img_0873.png,img_0881.png,2
img_0284.png,img_0283.png,1
img_1292.png,img_1284.png,1
img_1366.png,img_0775.png,2
img_1116.png,img_1115.png,1
img_0932.png,img_0084.png,2
img_1199.png,img_1198.png,1
img_1362.png,img_0382.png,2
img_1350.png,img_1344.png,2
img_0663.png,img_0670.png,2
img_0347.png,img_0346.png,1
img_0658.png,img_0651.png,1
img_0600.png,img_0602.png,1
img_0144.png,img_0571.png,2
img_0161.png,img_0167.png,1
img_0253.png,img_1157.png,2
img_0468.png,img_0469.png,1
img_1181.png,img_0867.png,2
img_0990.png,img_0987.png,1
img_0960.png,img_1035.png,2
img_0444.png,img_0449.png,2
img_1292.png,img_1289.png,1
img_0934.png,img_0936.png,1
img_1188.png,img_1326.png,2
img_0026.png,img_0030.png,2
img_0442.png,img_0434.png,1
img_1300.png,img_1308.png,2
img_0616.png,img_0615.png,1
img_0115.png,img_0117.png,1
img_0125.png,img_1287.png,2
img_1149.png,img_1155.png,2
img_0951.png,img_0956.png,1
img_0382.png,img_0387.png,1
img_1320.png,img_0258.png,2
img_0281.png,img_0288.png,2
img_0512.png,img_0508.png,1
img_1211.png,img_1204.png,2
img_0564.png,img_0560.png,1
img_0332.png,img_0336.png,2
img_0551.png,img_0547.png,1
img_1237.png,img_1231.png,1
img_1173.png,img_0190.png,2
img_0378.png,img_0379.png,1
img_1293.png,img_0071.png,2
img_0986.png,img_0985.png,1
img_1326.png,img_0837.png,2
img_1181.png,img_1176.png,1
img_0838.png,img_0675.png,2
img_0968.png,img_0969.png,1
img_1356.png,img_0815.png,2
img_0342.png,img_0341.png,1
img_0758.png,img_0662.png,2
img_0555.png,img_0554.png,1
img_0357.png,img_0568.png,2
img_0519.png,img_0523.png,1
img_0110.png,img_0904.png,2
img_1353.png,img_1350.png,1
img_0538.png,img_0977.png,2
img_1280.png,img_1273.png,2
img_0196.png,img_0203.png,2
img_1094.png,img_1092.png,1
img_0969.png,img_0974.png,1
img_1179.png,img_1183.png,2
img_0492.png,img_0491.png,1
img_0898.png,img_0903.png,2
img_0986.png,img_0983.png,1
img_0983.png,img_0981.png,1
img_1339.png,img_0565.png,2
img_0686.png,img_0684.png,2
img_0339.png,img_0347.png,1
img_0354.png,img_0357.png,1
img_1320.png,img_0598.png,2
img_0339.png,img_0338.png,1
img_0692.png,img_0667.png,2
img_0709.png,img_0707.png,1
img_0336.png,img_1059.png,2
img_1165.png,img_1159.png,2
img_0700.png,img_0697.png,1
img_1092.png,img_1087.png,2
img_0693.png,img_0690.png,1
img_0279.png,img_0275.png,2
img_0637.png,img_0639.png,1
img_0603.png,img_0595.png,2
img_0827.png,img_0828.png,1
img_1339.png,img_1345.png,1
img_1325.png,img_0183.png,2
img_1025.png,img_1019.png,2
img_0189.png,img_0184.png,2
img_0234.png,img_0227.png,2
img_1199.png,img_1192.png,2
img_0404.png,img_0402.png,1
img_0974.png,img_0971.png,1
img_0251.png,img_0243.png,2
img_0901.png,img_0893.png,2
img_1302.png,img_1304.png,1
img_0579.png,img_0583.png,1
img_1079.png,img_1084.png,1
img_1348.png,img_1354.png,2
img_0313.png,img_0307.png,1
img_0013.png,img_0015.png,1
img_0099.png,img_0097.png,2
img_0931.png,img_0923.png,2
img_0059.png,img_0057.png,1
img_0164.png,img_0163.png,1
img_0105.png,img_0106.png,1
img_1159.png,img_0909.png,2
img_0450.png,img_0452.png,1
img_0481.png,img_0150.png,2
img_0846.png,img_0853.png,1
img_1038.png,img_0885.png,2
img_0084.png,img_0076.png,2
img_0946.png,img_0939.png,2
img_0044.png,img_0042.png,2
img_0493.png,img_0492.png,1
img_1168.png,img_1161.png,2
img_1126.png,img_1119.png,1
img_1369.png,img_1373.png,1
img_0971.png,img_0969.png,1
img_1087.png,img_1088.png,1
img_0752.png,img_0351.png,2
img_0063.png,img_0070.png,1
img_0144.png,img_1223.png,2
img_0111.png,img_0103.png,1
img_1087.png,img_1012.png,2
img_1305.png,img_1303.png,1
img_0333.png,img_0762.png,2
img_1196.png,img_1198.png,1
img_0771.png,img_0871.png,2
img_0696.png,img_0695.png,1
img_0925.png,img_0619.png,2
img_0735.png,img_0728.png,2
img_0191.png,img_0188.png,2
img_0948.png,img_0946.png,1
img_0332.png,img_0328.png,1
img_0535.png,img_0540.png,1
img_0127.png,img_0567.png,2
img_0003.png,img_0003.png,0
img_0006.png,img_0006.png,0
img_0008.png,img_0008.png,0
img_0009.png,img_0009.png,0
img_0010.png,img_0010.png,0
img_0011.png,img_0011.png,0
img_0012.png,img_0012.png,0
img_0013.png,img_0013.png,0
img_0014.png,img_0014.png,0
img_0015.png,img_0015.png,0
img_0016.png,img_0016.png,0
img_0017.png,img_0017.png,0
img_0019.png,img_0019.png,0
img_0021.png,img_0021.png,0
img_0023.png,img_0023.png,0
img_0025.png,img_0025.png,0
img_0027.png,img_0027.png,0
img_0029.png,img_0029.png,0
img_0031.png,img_0031.png,0
img_0033.png,img_0033.png,0
img_0035.png,img_0035.png,0
img_0038.png,img_0038.png,0
img_0040.png,img_0040.png,0
img_0042.png,img_0042.png,0
img_0044.png,img_0044.png,0
img_0046.png,img_0046.png,0
img_0048.png,img_0048.png,0
img_0050.png,img_0050.png,0
img_0052.png,img_0052.png,0
img_0054.png,img_0054.png,0
img_0064.png,img_0064.png,0
img_0066.png,img_0066.png,0
img_0067.png,img_0067.png,0
img_0068.png,img_0068.png,0
img_0069.png,img_0069.png,0
img_0070.png,img_0070.png,0
img_0071.png,img_0071.png,0
img_0072.png,img_0072.png,0
img_0073.png,img_0073.png,0
img_0074.png,img_0074.png,0
img_0075.png,img_0075.png,0
img_0076.png,img_0076.png,0
img_0077.png,img_0077.png,0
img_0078.png,img_0078.png,0
img_0079.png,img_0079.png,0
img_0080.png,img_0080.png,0
img_0081.png,img_0081.png,0
img_0082.png,img_0082.png,0
img_0083.png,img_0083.png,0
img_0084.png,img_0084.png,0
img_0085.png,img_0085.png,0
img_0086.png,img_0086.png,0
img_0087.png,img_0087.png,0
img_0088.png,img_0088.png,0
img_0089.png,img_0089.png,0
img_0090.png,img_0090.png,0
img_0091.png,img_0091.png,0
img_0092.png,img_0092.png,0
img_0093.png,img_0093.png,0
img_0094.png,img_0094.png,0
img_0095.png,img_0095.png,0
img_0096.png,img_0096.png,0
img_0097.png,img_0097.png,0
img_0098.png,img_0098.png,0
img_0099.png,img_0099.png,0
img_0100.png,img_0100.png,0
img_0101.png,img_0101.png,0
img_0102.png,img_0102.png,0
img_0113.png,img_0113.png,0
img_0114.png,img_0114.png,0
img_0115.png,img_0115.png,0
img_0116.png,img_0116.png,0
img_0117.png,img_0117.png,0
img_0118.png,img_0118.png,0
img_0119.png,img_0119.png,0
img_0120.png,img_0120.png,0
img_0121.png,img_0121.png,0
img_0122.png,img_0122.png,0
img_0123.png,img_0123.png,0
img_0124.png,img_0124.png,0
img_0125.png,img_0125.png,0
img_0126.png,img_0126.png,0
img_0127.png,img_0127.png,0
img_0128.png,img_0128.png,0
img_0129.png,img_0129.png,0
img_0130.png,img_0130.png,0
img_0131.png,img_0131.png,0
img_0132.png,img_0132.png,0
img_0133.png,img_0133.png,0
img_0134.png,img_0134.png,0
img_0135.png,img_0135.png,0
img_0136.png,img_0136.png,0
img_0137.png,img_0137.png,0
img_0138.png,img_0138.png,0
img_0139.png,img_0139.png,0
img_0140.png,img_0140.png,0
img_0141.png,img_0141.png,0
img_0142.png,img_0142.png,0
img_0143.png,img_0143.png,0
img_0144.png,img_0144.png,0
img_0146.png,img_0146.png,0
img_0147.png,img_0147.png,0
img_0148.png,img_0148.png,0
img_0149.png,img_0149.png,0
img_0150.png,img_0150.png,0
img_0151.png,img_0151.png,0
img_0153.png,img_0153.png,0
img_0154.png,img_0154.png,0
img_0156.png,img_0156.png,0
img_0157.png,img_0157.png,0
img_0158.png,img_0158.png,0
img_0159.png,img_0159.png,0
img_0161.png,img_0161.png,0
img_0162.png,img_0162.png,0
img_0163.png,img_0163.png,0
img_0164.png,img_0164.png,0
img_0166.png,img_0166.png,0
img_0167.png,img_0167.png,0
img_0168.png,img_0168.png,0
img_0169.png,img_0169.png,0
img_0170.png,img_0170.png,0
img_0171.png,img_0171.png,0
img_0172.png,img_0172.png,0
img_0173.png,img_0173.png,0
img_0175.png,img_0175.png,0
img_0176.png,img_0176.png,0
img_0177.png,img_0177.png,0
img_0178.png,img_0178.png,0
img_0179.png,img_0179.png,0
img_0180.png,img_0180.png,0
img_0181.png,img_0181.png,0
img_0182.png,img_0182.png,0
img_0183.png,img_0183.png,0
img_0184.png,img_0184.png,0
img_0185.png,img_0185.png,0
img_0186.png,img_0186.png,0
img_0187.png,img_0187.png,0
img_0188.png,img_0188.png,0
img_0189.png,img_0189.png,0
img_0190.png,img_0190.png,0
img_0195.png,img_0195.png,0
img_0196.png,img_0196.png,0
img_0197.png,img_0197.png,0
img_0198.png,img_0198.png,0
img_0199.png,img_0199.png,0
img_0200.png,img_0200.png,0
img_0201.png,img_0201.png,0
img_0202.png,img_0202.png,0
img_0203.png,img_0203.png,0
img_0204.png,img_0204.png,0
img_0205.png,img_0205.png,0
img_0206.png,img_0206.png,0
img_0207.png,img_0207.png,0
img_0208.png,img_0208.png,0
img_0209.png,img_0209.png,0
img_0210.png,img_0210.png,0
img_0211.png,img_0211.png,0
img_0212.png,img_0212.png,0
img_0213.png,img_0213.png,0
img_0214.png,img_0214.png,0
img_0215.png,img_0215.png,0
img_0216.png,img_0216.png,0
img_0217.png,img_0217.png,0
img_0218.png,img_0218.png,0
img_0219.png,img_0219.png,0
img_0225.png,img_0225.png,0
img_0226.png,img_0226.png,0
img_0227.png,img_0227.png,0
img_0228.png,img_0228.png,0
img_0229.png,img_0229.png,0
img_0230.png,img_0230.png,0
img_0231.png,img_0231.png,0
img_0232.png,img_0232.png,0
img_0233.png,img_0233.png,0
img_0234.png,img_0234.png,0
img_0235.png,img_0235.png,0
img_0236.png,img_0236.png,0
img_0237.png,img_0237.png,0
img_0238.png,img_0238.png,0
img_0239.png,img_0239.png,0
img_0240.png,img_0240.png,0
img_0241.png,img_0241.png,0
img_0242.png,img_0242.png,0
img_0243.png,img_0243.png,0
img_0244.png,img_0244.png,0
img_0252.png,img_0252.png,0
img_0253.png,img_0253.png,0
img_0255.png,img_0255.png,0
img_0256.png,img_0256.png,0
img_0275.png,img_0275.png,0
img_0276.png,img_0276.png,0
img_0277.png,img_0277.png,0
img_0278.png,img_0278.png,0
img_0279.png,img_0279.png,0
img_0281.png,img_0281.png,0
img_0282.png,img_0282.png,0
img_0284.png,img_0284.png,0
img_0285.png,img_0285.png,0
img_0286.png,img_0286.png,0
img_0287.png,img_0287.png,0
img_0288.png,img_0288.png,0
img_0289.png,img_0289.png,0
img_0290.png,img_0290.png,0
img_0291.png,img_0291.png,0
img_0292.png,img_0292.png,0
img_0293.png,img_0293.png,0
img_0294.png,img_0294.png,0
img_0295.png,img_0295.png,0
img_0296.png,img_0296.png,0
img_0297.png,img_0297.png,0
img_0298.png,img_0298.png,0
img_0299.png,img_0299.png,0
img_0300.png,img_0300.png,0
img_0301.png,img_0301.png,0
img_0302.png,img_0302.png,0
img_0303.png,img_0303.png,0
img_0304.png,img_0304.png,0
img_0305.png,img_0305.png,0
img_0306.png,img_0306.png,0
img_0307.png,img_0307.png,0
img_0308.png,img_0308.png,0
img_0309.png,img_0309.png,0
img_0310.png,img_0310.png,0
img_0311.png,img_0311.png,0
img_0312.png,img_0312.png,0
img_0313.png,img_0313.png,0
img_0314.png,img_0314.png,0
img_0315.png,img_0315.png,0
img_0316.png,img_0316.png,0
img_0317.png,img_0317.png,0
img_0318.png,img_0318.png,0
img_0319.png,img_0319.png,0
img_0320.png,img_0320.png,0
img_0321.png,img_0321.png,0
img_0334.png,img_0334.png,0
img_0349.png,img_0349.png,0
img_0350.png,img_0350.png,0
img_0351.png,img_0351.png,0
img_0352.png,img_0352.png,0
img_0353.png,img_0353.png,0
img_0354.png,img_0354.png,0
img_0355.png,img_0355.png,0
img_0356.png,img_0356.png,0
img_0357.png,img_0357.png,0
img_0358.png,img_0358.png,0
img_0359.png,img_0359.png,0
img_0360.png,img_0360.png,0
img_0361.png,img_0361.png,0
img_0362.png,img_0362.png,0
img_0363.png,img_0363.png,0
img_0364.png,img_0364.png,0
img_0365.png,img_0365.png,0
img_0366.png,img_0366.png,0
img_0367.png,img_0367.png,0
img_0368.png,img_0368.png,0
img_0369.png,img_0369.png,0
img_0370.png,img_0370.png,0
img_0371.png,img_0371.png,0
img_0372.png,img_0372.png,0
img_0373.png,img_0373.png,0
img_0374.png,img_0374.png,0
img_0375.png,img_0375.png,0
img_0376.png,img_0376.png,0
img_0377.png,img_0377.png,0
img_0378.png,img_0378.png,0
img_0379.png,img_0379.png,0
img_0380.png,img_0380.png,0
img_0381.png,img_0381.png,0
img_0382.png,img_0382.png,0
img_0383.png,img_0383.png,0
img_0384.png,img_0384.png,0
img_0385.png,img_0385.png,0
img_0386.png,img_0386.png,0
img_0387.png,img_0387.png,0
img_0388.png,img_0388.png,0
img_0389.png,img_0389.png,0
img_0390.png,img_0390.png,0
img_0391.png,img_0391.png,0
img_0392.png,img_0392.png,0
img_0393.png,img_0393.png,0
img_0394.png,img_0394.png,0
img_0395.png,img_0395.png,0
img_0396.png,img_0396.png,0
img_0397.png,img_0397.png,0
img_0398.png,img_0398.png,0
img_0399.png,img_0399.png,0
img_0400.png,img_0400.png,0
img_0401.png,img_0401.png,0
img_0402.png,img_0402.png,0
img_0403.png,img_0403.png,0
img_0404.png,img_0404.png,0
img_0405.png,img_0405.png,0
img_0406.png,img_0406.png,0
img_0407.png,img_0407.png,0
img_0408.png,img_0408.png,0
img_0409.png,img_0409.png,0
img_0410.png,img_0410.png,0
img_0411.png,img_0411.png,0
img_0412.png,img_0412.png,0
img_0423.png,img_0423.png,0
img_0424.png,img_0424.png,0
img_0425.png,img_0425.png,0
img_0426.png,img_0426.png,0
img_0427.png,img_0427.png,0
img_0428.png,img_0428.png,0
img_0429.png,img_0429.png,0
img_0430.png,img_0430.png,0
img_0431.png,img_0431.png,0
img_0432.png,img_0432.png,0
img_0433.png,img_0433.png,0
img_0434.png,img_0434.png,0
img_0435.png,img_0435.png,0
img_0436.png,img_0436.png,0
img_0437.png,img_0437.png,0
img_0438.png,img_0438.png,0
img_0439.png,img_0439.png,0
img_0440.png,img_0440.png,0
img_0441.png,img_0441.png,0
img_0442.png,img_0442.png,0
img_0443.png,img_0443.png,0
img_0444.png,img_0444.png,0
img_0445.png,img_0445.png,0
img_0446.png,img_0446.png,0
img_0447.png,img_0447.png,0
img_0448.png,img_0448.png,0
img_0449.png,img_0449.png,0
img_0450.png,img_0450.png,0
img_0451.png,img_0451.png,0
img_0452.png,img_0452.png,0
img_0462.png,img_0462.png,0
img_0463.png,img_0463.png,0
img_0464.png,img_0464.png,0
img_0465.png,img_0465.png,0
img_0466.png,img_0466.png,0
img_0467.png,img_0467.png,0
img_0468.png,img_0468.png,0
img_0469.png,img_0469.png,0
img_0470.png,img_0470.png,0
img_0471.png,img_0471.png,0
img_0472.png,img_0472.png,0
img_0473.png,img_0473.png,0
img_0474.png,img_0474.png,0
img_0475.png,img_0475.png,0
img_0476.png,img_0476.png,0
img_0477.png,img_0477.png,0
img_0478.png,img_0478.png,0
img_0479.png,img_0479.png,0
img_0480.png,img_0480.png,0
img_0481.png,img_0481.png,0
img_0482.png,img_0482.png,0
img_0483.png,img_0483.png,0
img_0484.png,img_0484.png,0
img_0485.png,img_0485.png,0
img_0486.png,img_0486.png,0
img_0487.png,img_0487.png,0
img_0488.png,img_0488.png,0
img_0489.png,img_0489.png,0
img_0490.png,img_0490.png,0
img_0491.png,img_0491.png,0
img_0492.png,img_0492.png,0
img_0493.png,img_0493.png,0
img_0494.png,img_0494.png,0
img_0495.png,img_0495.png,0
img_0496.png,img_0496.png,0
img_0497.png,img_0497.png,0
img_0498.png,img_0498.png,0
img_0499.png,img_0499.png,0
img_0500.png,img_0500.png,0
img_0501.png,img_0501.png,0
img_0502.png,img_0502.png,0
img_0503.png,img_0503.png,0
img_0504.png,img_0504.png,0
img_0505.png,img_0505.png,0
img_0506.png,img_0506.png,0
img_0507.png,img_0507.png,0
img_0508.png,img_0508.png,0
img_0509.png,img_0509.png,0
img_0510.png,img_0510.png,0
img_0511.png,img_0511.png,0
img_0512.png,img_0512.png,0
img_0513.png,img_0513.png,0
img_0514.png,img_0514.png,0
img_0515.png,img_0515.png,0
img_0516.png,img_0516.png,0
img_0517.png,img_0517.png,0
img_0518.png,img_0518.png,0
img_0519.png,img_0519.png,0
img_0520.png,img_0520.png,0
img_0521.png,img_0521.png,0
img_0522.png,img_0522.png,0
img_0523.png,img_0523.png,0
img_0524.png,img_0524.png,0
img_0525.png,img_0525.png,0
img_0526.png,img_0526.png,0
img_0527.png,img_0527.png,0
img_0528.png,img_0528.png,0
img_0529.png,img_0529.png,0
img_0530.png,img_0530.png,0
img_0531.png,img_0531.png,0
img_0532.png,img_0532.png,0
img_0533.png,img_0533.png,0
img_0534.png,img_0534.png,0
img_0535.png,img_0535.png,0
img_0536.png,img_0536.png,0
img_0537.png,img_0537.png,0
img_0538.png,img_0538.png,0
img_0539.png,img_0539.png,0
img_0540.png,img_0540.png,0
img_0541.png,img_0541.png,0
img_0542.png,img_0542.png,0
img_0543.png,img_0543.png,0
img_0544.png,img_0544.png,0
img_0545.png,img_0545.png,0
img_0546.png,img_0546.png,0
img_0547.png,img_0547.png,0
img_0548.png,img_0548.png,0
img_0549.png,img_0549.png,0
img_0550.png,img_0550.png,0
img_0551.png,img_0551.png,0
img_0552.png,img_0552.png,0
img_0553.png,img_0553.png,0
img_0554.png,img_0554.png,0
img_0555.png,img_0555.png,0
img_0556.png,img_0556.png,0
img_0557.png,img_0557.png,0
img_0558.png,img_0558.png,0
img_0559.png,img_0559.png,0
img_0560.png,img_0560.png,0
img_0561.png,img_0561.png,0
img_0562.png,img_0562.png,0
img_0563.png,img_0563.png,0
img_0564.png,img_0564.png,0
img_0565.png,img_0565.png,0
img_0566.png,img_0566.png,0
img_0567.png,img_0567.png,0
img_0568.png,img_0568.png,0
img_0569.png,img_0569.png,0
img_0570.png,img_0570.png,0
img_0571.png,img_0571.png,0
img_0572.png,img_0572.png,0
img_0573.png,img_0573.png,0
img_0574.png,img_0574.png,0
img_0575.png,img_0575.png,0
img_0585.png,img_0585.png,0
img_0586.png,img_0586.png,0
img_0587.png,img_0587.png,0
img_0588.png,img_0588.png,0
img_0589.png,img_0589.png,0
img_0590.png,img_0590.png,0
img_0591.png,img_0591.png,0
img_0592.png,img_0592.png,0
img_0593.png,img_0593.png,0
img_0594.png,img_0594.png,0
img_0595.png,img_0595.png,0
img_0596.png,img_0596.png,0
img_0597.png,img_0597.png,0
img_0598.png,img_0598.png,0
img_0617.png,img_0617.png,0
img_0618.png,img_0618.png,0
img_0619.png,img_0619.png,0
img_0624.png,img_0624.png,0
img_0625.png,img_0625.png,0
img_0626.png,img_0626.png,0
img_0668.png,img_0668.png,0
img_0669.png,img_0669.png,0
img_0672.png,img_0672.png,0
img_0673.png,img_0673.png,0
img_0677.png,img_0677.png,0
img_0678.png,img_0678.png,0
img_0679.png,img_0679.png,0
img_0681.png,img_0681.png,0
img_0682.png,img_0682.png,0
img_0684.png,img_0684.png,0
img_0686.png,img_0686.png,0
img_0687.png,img_0687.png,0
img_0689.png,img_0689.png,0
img_0691.png,img_0691.png,0
img_0693.png,img_0693.png,0
img_0695.png,img_0695.png,0
img_0697.png,img_0697.png,0
img_0699.png,img_0699.png,0
img_0701.png,img_0701.png,0
img_0703.png,img_0703.png,0
img_0705.png,img_0705.png,0
img_0707.png,img_0707.png,0
img_0709.png,img_0709.png,0
img_0711.png,img_0711.png,0
img_0713.png,img_0713.png,0
img_0715.png,img_0715.png,0
img_0717.png,img_0717.png,0
img_0719.png,img_0719.png,0
img_0721.png,img_0721.png,0
img_0723.png,img_0723.png,0
img_0725.png,img_0725.png,0
img_0727.png,img_0727.png,0
img_0729.png,img_0729.png,0
img_0731.png,img_0731.png,0
img_0733.png,img_0733.png,0
img_0735.png,img_0735.png,0
img_0740.png,img_0740.png,0
img_0741.png,img_0741.png,0
img_0742.png,img_0742.png,0
img_0743.png,img_0743.png,0
img_0744.png,img_0744.png,0
img_0748.png,img_0748.png,0
img_0749.png,img_0749.png,0
img_0751.png,img_0751.png,0
img_0753.png,img_0753.png,0
img_0755.png,img_0755.png,0
img_0757.png,img_0757.png,0
img_0759.png,img_0759.png,0
img_0761.png,img_0761.png,0
img_0763.png,img_0763.png,0
img_0764.png,img_0764.png,0
img_0766.png,img_0766.png,0
img_0768.png,img_0768.png,0
img_0770.png,img_0770.png,0
img_0772.png,img_0772.png,0
img_0774.png,img_0774.png,0
img_0776.png,img_0776.png,0
img_0778.png,img_0778.png,0
img_0780.png,img_0780.png,0
img_0782.png,img_0782.png,0
img_0784.png,img_0784.png,0
img_0786.png,img_0786.png,0
img_0788.png,img_0788.png,0
img_0790.png,img_0790.png,0
img_0797.png,img_0797.png,0
img_0799.png,img_0799.png,0
img_0800.png,img_0800.png,0
img_0801.png,img_0801.png,0
img_0802.png,img_0802.png,0
img_0803.png,img_0803.png,0
img_0804.png,img_0804.png,0
img_0805.png,img_0805.png,0
img_0806.png,img_0806.png,0
img_0807.png,img_0807.png,0
img_0808.png,img_0808.png,0
img_0809.png,img_0809.png,0
img_0810.png,img_0810.png,0
img_0811.png,img_0811.png,0
img_0812.png,img_0812.png,0
img_0813.png,img_0813.png,0
img_0814.png,img_0814.png,0
img_0815.png,img_0815.png,0
img_0816.png,img_0816.png,0
img_0817.png,img_0817.png,0
img_0818.png,img_0818.png,0
img_0823.png,img_0823.png,0
img_0824.png,img_0824.png,0
img_0825.png,img_0825.png,0
img_0827.png,img_0827.png,0
img_0828.png,img_0828.png,0
img_0829.png,img_0829.png,0
img_0831.png,img_0831.png,0
img_0832.png,img_0832.png,0
img_0833.png,img_0833.png,0
img_0834.png,img_0834.png,0
img_0835.png,img_0835.png,0
img_0840.png,img_0840.png,0
img_0842.png,img_0842.png,0
img_0844.png,img_0844.png,0
img_0846.png,img_0846.png,0
img_0847.png,img_0847.png,0
img_0849.png,img_0849.png,0
img_0851.png,img_0851.png,0
img_0853.png,img_0853.png,0
img_0855.png,img_0855.png,0
img_0857.png,img_0857.png,0
img_0859.png,img_0859.png,0
img_0860.png,img_0860.png,0
img_0862.png,img_0862.png,0
img_0864.png,img_0864.png,0
img_0866.png,img_0866.png,0
img_0868.png,img_0868.png,0
img_0870.png,img_0870.png,0
img_0872.png,img_0872.png,0
img_0874.png,img_0874.png,0
img_0876.png,img_0876.png,0
img_0878.png,img_0878.png,0
img_0880.png,img_0880.png,0
img_0882.png,img_0882.png,0
img_0884.png,img_0884.png,0
img_0886.png,img_0886.png,0
img_0888.png,img_0888.png,0
img_0890.png,img_0890.png,0
img_0892.png,img_0892.png,0
img_0894.png,img_0894.png,0
img_0900.png,img_0900.png,0
img_0901.png,img_0901.png,0
img_0902.png,img_0902.png,0
img_0903.png,img_0903.png,0
img_0905.png,img_0905.png,0
img_0907.png,img_0907.png,0
img_0909.png,img_0909.png,0
img_0911.png,img_0911.png,0
img_0912.png,img_0912.png,0
img_0914.png,img_0914.png,0
img_0916.png,img_0916.png,0
img_0918.png,img_0918.png,0
img_0919.png,img_0919.png,0
img_0921.png,img_0921.png,0
img_0923.png,img_0923.png,0
img_0925.png,img_0925.png,0
img_0926.png,img_0926.png,0
img_0928.png,img_0928.png,0
img_0930.png,img_0930.png,0
img_0932.png,img_0932.png,0
img_0933.png,img_0933.png,0
img_0935.png,img_0935.png,0
img_0937.png,img_0937.png,0
img_0938.png,img_0938.png,0
img_0940.png,img_0940.png,0
img_0942.png,img_0942.png,0
img_0944.png,img_0944.png,0
img_0946.png,img_0946.png,0
img_0947.png,img_0947.png,0
img_0950.png,img_0950.png,0
img_0951.png,img_0951.png,0
img_0953.png,img_0953.png,0
img_0955.png,img_0955.png,0
img_0957.png,img_0957.png,0
img_0959.png,img_0959.png,0
img_0961.png,img_0961.png,0
img_0963.png,img_0963.png,0
img_0965.png,img_0965.png,0
img_0967.png,img_0967.png,0
img_0969.png,img_0969.png,0
img_0971.png,img_0971.png,0
img_0972.png,img_0972.png,0
img_0973.png,img_0973.png,0
img_0974.png,img_0974.png,0
img_0975.png,img_0975.png,0
img_0976.png,img_0976.png,0
img_0977.png,img_0977.png,0
img_0978.png,img_0978.png,0
img_0979.png,img_0979.png,0
img_0980.png,img_0980.png,0
img_0981.png,img_0981.png,0
img_0982.png,img_0982.png,0
img_0983.png,img_0983.png,0
img_0984.png,img_0984.png,0
img_0985.png,img_0985.png,0
img_0986.png,img_0986.png,0
img_0987.png,img_0987.png,0
img_0988.png,img_0988.png,0
img_0989.png,img_0989.png,0
img_0990.png,img_0990.png,0
img_0991.png,img_0991.png,0
img_1008.png,img_1008.png,0
img_1018.png,img_1018.png,0
img_1019.png,img_1019.png,0
img_1022.png,img_1022.png,0
img_1023.png,img_1023.png,0
img_1024.png,img_1024.png,0
img_1025.png,img_1025.png,0
img_1026.png,img_1026.png,0
img_1027.png,img_1027.png,0
img_1028.png,img_1028.png,0
img_1029.png,img_1029.png,0
img_1030.png,img_1030.png,0
img_1031.png,img_1031.png,0
img_1032.png,img_1032.png,0
img_1033.png,img_1033.png,0
img_1034.png,img_1034.png,0
img_1035.png,img_1035.png,0
img_1036.png,img_1036.png,0
img_1037.png,img_1037.png,0
img_1038.png,img_1038.png,0
img_1039.png,img_1039.png,0
img_1040.png,img_1040.png,0
img_1041.png,img_1041.png,0
img_1042.png,img_1042.png,0
img_1043.png,img_1043.png,0
img_1044.png,img_1044.png,0
img_1045.png,img_1045.png,0
img_1046.png,img_1046.png,0
img_1047.png,img_1047.png,0
img_1048.png,img_1048.png,0
img_1049.png,img_1049.png,0
img_1050.png,img_1050.png,0
img_1051.png,img_1051.png,0
img_1052.png,img_1052.png,0
img_1053.png,img_1053.png,0
img_1054.png,img_1054.png,0
img_1055.png,img_1055.png,0
img_1056.png,img_1056.png,0
img_1057.png,img_1057.png,0
img_1058.png,img_1058.png,0
img_1059.png,img_1059.png,0
img_1060.png,img_1060.png,0
img_1061.png,img_1061.png,0
img_1062.png,img_1062.png,0
img_1063.png,img_1063.png,0
img_1064.png,img_1064.png,0
img_1065.png,img_1065.png,0
img_1066.png,img_1066.png,0
img_1068.png,img_1068.png,0
img_1070.png,img_1070.png,0
img_1072.png,img_1072.png,0
img_1074.png,img_1074.png,0
img_1076.png,img_1076.png,0
img_1078.png,img_1078.png,0
img_1080.png,img_1080.png,0
img_1082.png,img_1082.png,0
img_1084.png,img_1084.png,0
img_1086.png,img_1086.png,0
img_1088.png,img_1088.png,0
img_1089.png,img_1089.png,0
img_1091.png,img_1091.png,0
img_1093.png,img_1093.png,0
img_1095.png,img_1095.png,0
img_1097.png,img_1097.png,0
img_1099.png,img_1099.png,0
img_1101.png,img_1101.png,0
img_1103.png,img_1103.png,0
img_1105.png,img_1105.png,0
img_1107.png,img_1107.png,0
img_1109.png,img_1109.png,0
img_1111.png,img_1111.png,0
img_1113.png,img_1113.png,0
img_1115.png,img_1115.png,0
img_1117.png,img_1117.png,0
img_1135.png,img_1135.png,0
img_1137.png,img_1137.png,0
img_1139.png,img_1139.png,0
img_1141.png,img_1141.png,0
img_1142.png,img_1142.png,0
img_1143.png,img_1143.png,0
img_1145.png,img_1145.png,0
img_1147.png,img_1147.png,0
img_1149.png,img_1149.png,0
img_1150.png,img_1150.png,0
img_1152.png,img_1152.png,0
img_1153.png,img_1153.png,0
img_1154.png,img_1154.png,0
img_1156.png,img_1156.png,0
img_1158.png,img_1158.png,0
img_1160.png,img_1160.png,0
img_1169.png,img_1169.png,0
img_1171.png,img_1171.png,0
img_1173.png,img_1173.png,0
img_1175.png,img_1175.png,0
img_1177.png,img_1177.png,0
img_1179.png,img_1179.png,0
img_1181.png,img_1181.png,0
img_1183.png,img_1183.png,0
img_1185.png,img_1185.png,0
img_1187.png,img_1187.png,0
img_1189.png,img_1189.png,0
img_1191.png,img_1191.png,0
img_1193.png,img_1193.png,0
img_1195.png,img_1195.png,0
img_1197.png,img_1197.png,0
img_1199.png,img_1199.png,0
img_1200.png,img_1200.png,0
img_1202.png,img_1202.png,0
img_1204.png,img_1204.png,0
img_1206.png,img_1206.png,0
img_1208.png,img_1208.png,0
img_1210.png,img_1210.png,0
img_1212.png,img_1212.png,0
img_1213.png,img_1213.png,0
img_1215.png,img_1215.png,0
img_1217.png,img_1217.png,0
img_1219.png,img_1219.png,0
img_1221.png,img_1221.png,0
img_1223.png,img_1223.png,0
img_1225.png,img_1225.png,0
img_1227.png,img_1227.png,0
img_1229.png,img_1229.png,0
img_1231.png,img_1231.png,0
img_1233.png,img_1233.png,0
img_1235.png,img_1235.png,0
img_1237.png,img_1237.png,0
img_1238.png,img_1238.png,0
img_1240.png,img_1240.png,0
img_1242.png,img_1242.png,0
img_1244.png,img_1244.png,0
img_1246.png,img_1246.png,0
img_1247.png,img_1247.png,0
img_1249.png,img_1249.png,0
img_1251.png,img_1251.png,0
img_1253.png,img_1253.png,0
img_1255.png,img_1255.png,0
img_1257.png,img_1257.png,0
img_1259.png,img_1259.png,0
img_1260.png,img_1260.png,0
img_1262.png,img_1262.png,0
img_1264.png,img_1264.png,0
img_1266.png,img_1266.png,0
img_1268.png,img_1268.png,0
img_1270.png,img_1270.png,0
img_1271.png,img_1271.png,0
img_1272.png,img_1272.png,0
img_1274.png,img_1274.png,0
img_1276.png,img_1276.png,0
img_1277.png,img_1277.png,0
img_1279.png,img_1279.png,0
img_1281.png,img_1281.png,0
img_1283.png,img_1283.png,0
img_1285.png,img_1285.png,0
img_1287.png,img_1287.png,0
img_1289.png,img_1289.png,0
img_1291.png,img_1291.png,0
img_1293.png,img_1293.png,0
img_1295.png,img_1295.png,0
img_1296.png,img_1296.png,0
img_1298.png,img_1298.png,0
img_1300.png,img_1300.png,0
img_1302.png,img_1302.png,0
img_1304.png,img_1304.png,0
img_1306.png,img_1306.png,0
img_1308.png,img_1308.png,0
img_1310.png,img_1310.png,0
img_1312.png,img_1312.png,0
img_1314.png,img_1314.png,0
img_1315.png,img_1315.png,0
img_1316.png,img_1316.png,0
img_1317.png,img_1317.png,0
img_1319.png,img_1319.png,0
img_1321.png,img_1321.png,0
img_1323.png,img_1323.png,0
img_1325.png,img_1325.png,0
img_1327.png,img_1327.png,0
img_1329.png,img_1329.png,0
img_1331.png,img_1331.png,0
img_1333.png,img_1333.png,0
img_1335.png,img_1335.png,0
img_1337.png,img_1337.png,0
img_1339.png,img_1339.png,0
img_1340.png,img_1340.png,0
img_1342.png,img_1342.png,0
img_1344.png,img_1344.png,0
img_1345.png,img_1345.png,0
img_1347.png,img_1347.png,0
img_1349.png,img_1349.png,0
img_1351.png,img_1351.png,0
img_1352.png,img_1352.png,0
img_1354.png,img_1354.png,0
