timestamp,algorithm,image_id,mode,input_size_bytes,output_size_bytes,compression_ratio,gate_decision,gate_d_hist,gate_d_mean,gate_p_blocks,capture_time_ms,compression_time_ms,total_pipeline_time_ms,cpu_freq_hz,cpu_temp_c,ram_used_mb,energy_mj,psnr_db,ssim,psnr_db_veg,ssim_veg,psnr_db_bg,ssim_bg
1788700086.95271,algo/agrijpeg-core,img_0001,TEST,2231989,223373,9.99220586194392,True,0,0,0,0.0281333923339844,10531.6109657288,10533.6720943451,1000000000,53.154,195.9921875,0,39.4884067312942,0.949686351388356,39.5444462041201,0.949974515477231,34.9779346059047,0.905972651428069
1788700098.86238,algo/agrijpeg-core,img_0002,TEST,2275749,221003,10.2973670040678,True,0,0,0,0.0281333923339844,10155.0438404083,10173.513174057,1000000000,53.154,172.8046875,0,39.5484629933512,0.947261068545752,39.6467918382835,0.947728298764703,34.844381564832,0.904340512574618
1788700111.09883,algo/agrijpeg-core,img_0003,TEST,2373199,232183,10.2212435880319,True,0,0,0,0.0965595245361328,10403.8491249084,10422.9979515076,1000000000,53.692,179.9609375,0,38.9802165040866,0.943183271921998,39.1303302800002,0.943989851699449,34.6363697130687,0.900093199292732
1788700123.42207,algo/agrijpeg-core,img_0004,TEST,2441907,241680,10.1038853028798,True,0,0,0,0.0553131103515625,10497.6985454559,10517.5716876984,1000000000,54.23,180.96875,0,38.2971137166576,0.94220454127074,38.3863224459946,0.94724566973511,38.0358648665732,0.926711568173045
1788700135.67372,algo/agrijpeg-core,img_0005,TEST,2523519,253406,9.95840272132467,True,0,0,0,0.101566314697266,10435.248374939,10454.4904232025,1000000000,54.23,171.84765625,0,37.849649312789,0.937883416225764,38.0339603961477,0.94402268930182,37.3024861617975,0.917820296480922
1788700148.0533,algo/agrijpeg-core,img_0006,TEST,2228790,219170,10.1692293653328,True,0,0,0,0.06103515625,10454.0333747864,10473.3669757843,1000000000,54.23,172.8984375,0,39.7988313185442,0.949290610858254,40.0189351709932,0.950703520879125,36.1696122602292,0.910567245308475
1788700160.34466,algo/agrijpeg-core,img_0007,TEST,2474543,246152,10.0529063342975,True,0,0,0,0.0643730163574219,10457.4460983276,10476.5083789825,1000000000,54.768,170.94140625,0,38.2804982262438,0.939130526259657,38.4404160335804,0.940194692937564,34.12343544832,0.889399722841365
1788700172.65871,algo/agrijpeg-core,img_0008,TEST,2449617,243051,10.0786131305775,True,0,0,0,0.0755786895751953,10533.5533618927,10550.7633686066,1000000000,54.768,172.0546875,0,38.5122055746104,0.940872570213921,38.6225947445792,0.941717125877287,34.3712410578803,0.88619671899293
1788700185.13564,algo/agrijpeg-core,img_0009,TEST,2507491,248751,10.0803253052249,True,0,0,0,0.0536441802978516,10526.3159275055,10542.9518222809,1000000000,55.306,184.72265625,0,38.1880027377307,0.93806525769648,38.4028355882791,0.939863407575806,34.485754877408,0.886299990650995
1788700197.56307,algo/agrijpeg-core,img_0010,TEST,2515256,249647,10.0752502533577,True,0,0,0,0.0526905059814453,10506.4532756805,10524.614572525,1000000000,55.306,180.53125,0,38.1648179675759,0.937839079586593,38.3830462330592,0.939657313085249,34.5058554575401,0.887196224859542
1788700209.89903,algo/agrijpeg-core,img_0011,TEST,2507528,249009,10.0700295973238,True,0,0,0,5.02371788024902,10486.3913059235,10509.2303752899,1000000000,55.844,190.6328125,0,38.203369540692,0.938197232900281,38.416495683598,0.93990630831274,34.4503815438389,0.886862367411825
1788700222.48029,algo/agrijpeg-core,img_0018,TEST,2612122,248463,10.5131226782257,True,0,0,0,0.0543594360351563,10472.2743034363,10490.7982349396,1000000000,55.844,188.0859375,0,36.90692702127,0.929141949031284,36.7625043439522,0.931639830658961,37.2112067289247,0.924105659700013
1788700234.88638,algo/agrijpeg-core,img_0019,TEST,2536185,233592,10.8573281619234,True,0,0,0,0.0553131103515625,10493.0799007416,10510.9112262726,1000000000,55.844,186.078125,0,37.8267608850272,0.934475131276371,37.8949515232149,0.93899361072009,37.7170003828702,0.926988560819442
1788700247.13122,algo/agrijpeg-core,img_0020,TEST,2496031,232514,10.7349707974574,True,0,0,0,0.0524520874023438,10442.5702095032,10461.0760211945,1000000000,55.844,185.45703125,0,37.5559749129051,0.939041311837849,37.9185562380975,0.945151871446413,37.0747520482757,0.930016095096357
1788700259.43307,algo/agrijpeg-core,img_0021,TEST,2584303,247296,10.4502418154762,True,0,0,0,0.08392333984375,10484.6405982971,10503.3841133118,1000000000,56.382,191.265625,0,37.1390317767246,0.9365225419983,37.9937954058213,0.946610372803344,35.8239035634981,0.916308523053328
1788700271.98162,algo/agrijpeg-core,img_0022,TEST,2666833,259343,10.2830344370197,True,0,0,0,0.0522136688232422,10524.8115062714,10544.2144870758,1000000000,55.844,181.73828125,0,36.6270212334083,0.933315704339875,37.2958697952143,0.942760163800985,35.4963863973308,0.913445385092532
1788700284.28167,algo/agrijpeg-core,img_0023,TEST,2527898,238253,10.6101413203611,True,0,0,0,0.0543594360351563,10482.1510314941,10502.2807121277,1000000000,56.382,190.73828125,0,37.6362493819349,0.939500532720254,38.4306092490748,0.949682155574671,36.4500283365039,0.920189216741972
1788700296.75864,algo/agrijpeg-core,img_0024,TEST,2423825,243043,9.97282373900915,True,0,0,0,0.0507831573486328,10480.1394939423,10498.654127121,1000000000,55.844,191.5859375,0,38.4392273707947,0.945123322797843,38.7230119176047,0.949470715948162,37.3419624903338,0.925388578717568
1788700309.20757,algo/agrijpeg-core,img_0025,TEST,2516941,256456,9.81431902548585,True,0,0,0,0.0638961791992188,10485.8555793762,10504.5597553253,1000000000,56.382,179.16796875,0,37.9557499801858,0.942039798054266,38.1975030861696,0.946289250404276,37.0283961746211,0.923346635256141
1788700321.63415,algo/agrijpeg-core,img_0026,TEST,2584513,266930,9.6823624171131,True,0,0,0,0.0619888305664063,10479.7253608704,10498.702287674,1000000000,56.92,190.48046875,0,37.4183980765962,0.93897838576871,37.6388471634079,0.943253825991663,36.5413521714202,0.9196190191535
1788700334.4036,algo/agrijpeg-core,img_0027,TEST,2215886,235810,9.39691276875451,True,0,0,0,0.0584125518798828,10481.7719459534,10501.0187625885,1000000000,56.382,179.69140625,0,38.4481379731251,0.944504517441206,38.831109744366,0.948279360646988,36.1633793084123,0.912892532306619
1788700346.92561,algo/agrijpeg-core,img_0028,TEST,2652246,280598,9.45212011489747,True,0,0,0,0.0836849212646484,10490.0758266449,10509.1390609741,1000000000,56.92,177.12890625,0,37.463610705269,0.936182125127789,37.6506886171868,0.937801911993843,35.0841253002534,0.907416319096926
1788700359.34123,algo/agrijpeg-core,img_0029,TEST,2767710,290231,9.53623148457608,True,0,0,0,0.0588893890380859,10484.406709671,10503.6220550537,1000000000,56.92,185.7734375,0,37.5256916241817,0.932753954927168,37.6116984216309,0.933194074275232,34.5979139103118,0.910314316647007
1788700371.76436,algo/agrijpeg-core,img_0030,TEST,2773772,290692,9.54196193909705,True,0,0,0,0.0541210174560547,10509.7408294678,10528.9926528931,1000000000,56.92,174.13671875,0,37.5447553770497,0.933260355023713,37.625358714003,0.933696677778216,34.7741709908397,0.911283949346704
1788700384.29585,algo/agrijpeg-core,img_0031,TEST,2786691,292338,9.53242821665333,True,0,0,0,0.0588893890380859,10523.7081050873,10542.4497127533,1000000000,56.92,176.38671875,0,37.5166628684557,0.933106519582115,37.6011401842518,0.933538485462357,34.6030652554731,0.91076220400079
1788700396.82282,algo/agrijpeg-core,img_0032,TEST,2781516,291370,9.54633627346673,True,0,0,0,0.0615119934082031,10496.2482452393,10515.273809433,1000000000,56.92,181.55078125,0,37.5827283920988,0.933601672071241,37.6569370189476,0.933985439777004,34.9327867862023,0.913603265653586
1788700409.34984,algo/agrijpeg-core,img_0033,TEST,2798989,294602,9.50091649072308,True,0,0,0,0.0627040863037109,10491.8043613434,10510.7386112213,1000000000,57.458,180.1875,0,37.482304987506,0.932856798546112,37.5797733354168,0.93333408521722,34.5049580718528,0.910763028901421
1788700421.77749,algo/agrijpeg-core,img_0034,TEST,2787472,292199,9.53963565925962,True,0,0,0,0.0541210174560547,10528.7187099457,10546.7646121979,1000000000,56.92,185.67578125,0,37.5892035001755,0.933301450370221,37.6789793354131,0.933771116180245,34.8243585414713,0.911952239658481
1788700434.24452,algo/agrijpeg-core,img_0035,TEST,2670690,279392,9.55893511625243,True,0,0,0,0.150442123413086,10470.654964447,10488.9147281647,1000000000,57.996,177.7109375,0,36.9366475267716,0.933733522450355,37.5789800490803,0.938830732138595,34.5680256250812,0.906493039045727
1788700446.70413,algo/agrijpeg-core,img_0036,TEST,2821360,300245,9.3968592316275,True,0,0,0,0.0538825988769531,10512.1963024139,10530.1826000214,1000000000,56.92,177.953125,0,36.7717694427165,0.932731816541236,37.1463967132776,0.935820981105043,34.0248929902172,0.898997851218466
1788700459.11293,algo/agrijpeg-core,img_0037,TEST,2840560,301109,9.43366023599428,True,0,0,0,0.181198120117188,10461.2147808075,10480.0398349762,1000000000,56.92,169.984375,0,36.7792861738391,0.932351399594092,37.1290579078323,0.935730361545043,34.2856632363694,0.897892786127477
1788700471.51569,algo/agrijpeg-core,img_0038,TEST,2949832,321713,9.16914143973044,True,0,0,0,0.175237655639648,10515.1934623718,10534.197807312,1000000000,56.92,170.4765625,0,36.3924418155749,0.931714549118514,36.5412346868949,0.93466317245974,35.5035200137451,0.911320756206068
1788700484.2631,algo/agrijpeg-core,img_0039,TEST,2972871,323596,9.1869831518313,True,0,0,0,0.0574588775634766,10497.7886676788,10517.5185203552,1000000000,57.458,186.4140625,0,36.3544796059849,0.931157991828967,36.5291637073009,0.934236692587296,35.233382525576,0.907628354187119
1788700497.09853,algo/agrijpeg-core,img_0040,TEST,2971494,321056,9.25537600916974,True,0,0,0,0.0560283660888672,10539.0865802765,10558.5277080536,1000000000,57.458,191.48046875,0,36.3792941956073,0.930723577444291,36.5479196036681,0.934224995475259,35.4033447608406,0.907016551287253
1788700509.60546,algo/agrijpeg-core,img_0041,TEST,2938246,293306,10.0176811930203,True,0,0,0,0.0574588775634766,10468.5816764832,10487.3878955841,1000000000,57.458,182.41015625,0,35.3558812443601,0.919957532049693,35.9502960421264,0.933091254418651,34.500010743604,0.897323386527127
1788700522.06892,algo/agrijpeg-core,img_0042,TEST,2952160,298762,9.88131020678667,True,0,0,0,0.0576972961425781,10506.4010620117,10525.3763198853,1000000000,57.458,181.45703125,0,35.4843696191264,0.922124395947829,36.0517238131292,0.933899158656275,34.5452803193649,0.898783208786147
1788700534.44356,algo/agrijpeg-core,img_0043,TEST,2924345,292136,10.010217843744,True,0,0,0,0.102758407592773,10468.7778949738,10487.0727062225,1000000000,57.996,187.0390625,0,35.4148666597087,0.919940456377902,35.9538329482624,0.932686433700684,34.6431314655168,0.898477122281578
1788700546.96951,algo/agrijpeg-core,img_0044,TEST,2886007,288316,10.0098745820558,True,0,0,0,0.0555515289306641,10544.6155071259,10564.2902851105,1000000000,57.996,179.53515625,0,36.1479691357615,0.923380531326922,36.4773204320335,0.931831290803939,35.374382364115,0.900627297996271
1788700559.47359,algo/agrijpeg-core,img_0045,TEST,2844416,284192,10.0087827947303,True,0,0,0,0.0555515289306641,10471.4462757111,10490.7157421112,1000000000,57.996,178.3203125,0,36.2327155005247,0.924796134442761,36.6505439557959,0.933645909096591,35.2986377684583,0.901525348851452
1788700571.85596,algo/agrijpeg-core,img_0046,TEST,2893702,293945,9.84436544251476,True,0,0,0,0.064849853515625,10494.7192668915,10512.9556655884,1000000000,57.458,190.234375,0,35.892519346875,0.922856631388792,36.2121208188302,0.930480247970431,35.1169911445335,0.901791738543054
1788700584.37624,algo/agrijpeg-core,img_0047,TEST,2836834,282132,10.054988445125,True,0,0,0,0.0643730163574219,10450.9303569794,10470.5910682678,1000000000,57.458,182.73828125,0,36.2549881606656,0.923957210505147,36.5659443924543,0.932757331663794,35.7730712281187,0.908857985581447
1788700596.71371,algo/agrijpeg-core,img_0048,TEST,2887634,284736,10.1414433018656,True,0,0,0,0.173568725585938,10510.8857154846,10530.0645828247,1000000000,57.996,184.2109375,0,36.164894670103,0.922689276572322,36.3907664348874,0.9314788803451,35.8415958097224,0.909153195217867
1788700609.10946,algo/agrijpeg-core,img_0049,TEST,2900660,282712,10.2601233764396,True,0,0,0,7.58624076843262,10480.8909893036,10507.6379776001,1000000000,57.996,182.13671875,0,36.1909876893584,0.922201267353988,36.2413263654306,0.930786654004099,36.1213130124156,0.910028327526538
1788700621.47334,algo/agrijpeg-core,img_0050,TEST,2740130,266863,10.2679277382027,True,0,0,0,0.0560283660888672,10514.0404701233,10533.4491729736,1000000000,57.996,188.17578125,0,36.8559779211415,0.92559140317465,36.7637052703603,0.927049088562887,37.1020049837122,0.921826046669207
