scenario,feature,auc,lo,hi
hard,hist,0.9581843585115246,0.9467381084211209,0.9700179591031746
hard,mean,0.8761317747384986,0.856086737951501,0.8974899982903486
hard,mblock,0.9799751805054152,0.9710789751729758,0.9875303050306206
hard,prop@0.05,0.9871997361843933,0.9809950400155009,0.9924317509460605
hard,prop@0.1,0.9867289468203276,0.9803370715457987,0.9919958048985305
hard,prop@0.2,0.9842209629269647,0.9772063687955223,0.9899151134951663
hard,prop@0.3,0.9823182796445432,0.9745304090281625,0.9891012213551265
hard,prop@0.5,0.9774831065444783,0.9674331291935004,0.9856559826128589
all,hist,0.9792047887032178,0.973594476899496,0.9857592666192543
all,mean,0.9383994642774939,0.9268287396342777,0.9501262642860828
all,mblock,0.9900415170556554,0.9854561912547902,0.9942562607544785
all,prop@0.05,0.9924259425493717,0.9880105736756908,0.9960308392458653
all,prop@0.1,0.9918897165446762,0.987494242911399,0.9956782325732675
all,prop@0.2,0.990340379436542,0.9854731473597367,0.9947647393095271
all,prop@0.3,0.9893941617179948,0.9843391125468753,0.9938994454722858
all,prop@0.5,0.9866874971228652,0.9804704166384058,0.9920707848272243
