scenario,fold,rule,objective,pv,feasible,n_train,n_test,test_recall,test_spec,thr_hist,thr_mean,thr_prop,thr_logit
hard,0,vote1,spec@0.95,prop@0.1,True,1106,333,0.9949494949494949,0.8444444444444444,0.016492228534120898,9.666666666666666,34.5,
hard,0,vote1,spec@0.98,prop@0.5,True,1106,333,0.9949494949494949,0.6888888888888889,0.016492228534120898,9.666666666666666,0.0,
hard,0,vote1,bacc,prop@0.05,True,1106,333,0.9393939393939394,0.9703703703703703,0.02650494362920805,20.0,69.9333333333334,
hard,0,vote2,spec@0.95,prop@0.2,True,1106,333,0.98989898989899,0.8592592592592593,0.0012309699375223702,20.0,7.000000000000001,
hard,0,vote2,spec@0.98,prop@0.5,True,1106,333,0.9949494949494949,0.6888888888888889,0.0002613833881958,9.666666666666666,0.0,
hard,0,vote2,bacc,prop@0.05,True,1106,333,0.9393939393939394,0.9925925925925926,0.00235488379905364,20.0,69.9333333333334,
hard,0,vote3,spec@0.95,prop@0.2,True,1106,333,0.98989898989899,0.8592592592592593,0.0012309699375223702,1.0,7.000000000000001,
hard,0,vote3,spec@0.98,prop@0.5,False,1106,333,0.9949494949494949,0.725925925925926,6.232831064646735e-05,0.3333333333333333,0.0,
hard,0,vote3,bacc,prop@0.05,True,1106,333,0.9393939393939394,0.9703703703703703,0.00038551031869571,0.3333333333333333,69.9333333333334,
hard,0,single_hist,spec@0.95,prop@0.05,True,1106,333,0.98989898989899,0.7037037037037037,0.002322107377268405,,,
hard,0,single_hist,spec@0.98,prop@0.05,True,1106,333,1.0,0.3037037037037037,0.0006064752439886717,,,
hard,0,single_hist,bacc,prop@0.05,True,1106,333,0.9646464646464646,0.8074074074074075,0.004066425551267321,,,
hard,0,single_mean,spec@0.95,prop@0.05,True,1106,333,0.9646464646464646,0.3851851851851852,,2.6666666666666665,,
hard,0,single_mean,spec@0.98,prop@0.05,True,1106,333,1.0,0.2518518518518518,,1.3333333333333333,,
hard,0,single_mean,bacc,prop@0.05,True,1106,333,0.8636363636363636,0.7037037037037037,,5.333333333333333,,
hard,0,single_prop,spec@0.95,prop@0.2,True,1106,333,0.9949494949494949,0.8888888888888888,,,13.333333333333334,
hard,0,single_prop,spec@0.98,prop@0.5,False,1106,333,0.9949494949494949,0.7185185185185186,,,0.0,
hard,0,single_prop,bacc,prop@0.05,True,1106,333,0.9646464646464646,0.9629629629629629,,,64.0,
hard,0,logreg,spec@0.95,prop@0.1,True,1106,333,0.98989898989899,0.9185185185185185,,,,-0.39732799065342655
hard,0,logreg,spec@0.98,prop@0.5,True,1106,333,0.9949494949494949,0.5851851851851851,,,,-3.2256697366502327
hard,0,logreg,bacc,prop@0.05,True,1106,333,0.9696969696969697,0.9703703703703703,,,,0.8541323520766559
hard,1,vote1,spec@0.95,prop@0.05,True,1134,333,0.9732620320855615,0.9246575342465754,0.026266324217710035,20.113333333333305,55.5,
hard,1,vote1,spec@0.98,prop@0.3,True,1134,333,0.983957219251337,0.863013698630137,0.017325628735102377,9.0,3.333333333333333,
hard,1,vote1,bacc,prop@0.05,True,1134,333,0.9679144385026738,0.9794520547945206,0.026266324217710035,20.113333333333305,67.66666666666666,
hard,1,vote2,spec@0.95,prop@0.05,True,1134,333,0.9679144385026738,0.9383561643835616,0.0013279750696484401,20.113333333333305,55.5,
hard,1,vote2,spec@0.98,prop@0.2,True,1134,333,0.983957219251337,0.863013698630137,0.0007326573937447139,9.0,8.060000000000022,
hard,1,vote2,bacc,prop@0.05,True,1134,333,0.9679144385026738,0.952054794520548,0.0023915982570552295,16.333333333333332,55.5,
hard,1,vote3,spec@0.95,prop@0.05,True,1134,333,0.9732620320855615,0.9315068493150684,0.0009772307255052,1.0,55.5,
hard,1,vote3,spec@0.98,prop@0.5,True,1134,333,0.9893048128342246,0.8493150684931506,0.00033692522841647396,0.6666666666666666,0.0,
hard,1,vote3,bacc,prop@0.05,True,1134,333,0.9679144385026738,0.9452054794520548,0.0018089811147805807,1.3333333333333333,55.5,
hard,1,single_hist,spec@0.95,prop@0.05,True,1134,333,0.9786096256684492,0.7808219178082192,0.0024446079673442196,,,
hard,1,single_hist,spec@0.98,prop@0.05,True,1134,333,0.9786096256684492,0.6095890410958904,0.0011990922534381207,,,
hard,1,single_hist,bacc,prop@0.05,True,1134,333,0.93048128342246,0.8493150684931506,0.004660519092457089,,,
hard,1,single_mean,spec@0.95,prop@0.05,True,1134,333,0.9732620320855615,0.4589041095890411,,2.333333333333333,,
hard,1,single_mean,spec@0.98,prop@0.05,True,1134,333,0.9893048128342246,0.3493150684931507,,1.3333333333333333,,
hard,1,single_mean,bacc,prop@0.05,True,1134,333,0.9251336898395722,0.7397260273972602,,5.333333333333333,,
hard,1,single_prop,spec@0.95,prop@0.05,True,1134,333,0.9732620320855615,0.958904109589041,,,62.01906197654944,
hard,1,single_prop,spec@0.98,prop@0.5,True,1134,333,0.9946524064171123,0.8356164383561644,,,0.0,
hard,1,single_prop,bacc,prop@0.05,True,1134,333,0.9732620320855615,0.958904109589041,,,62.01906197654944,
hard,1,logreg,spec@0.95,prop@0.1,True,1134,333,0.9786096256684492,0.9315068493150684,,,,-0.4033243116710273
hard,1,logreg,spec@0.98,prop@0.5,True,1134,333,0.983957219251337,0.8561643835616438,,,,-2.5660470961289716
hard,1,logreg,bacc,prop@0.05,True,1134,333,0.9732620320855615,0.952054794520548,,,,0.5102580160949902
hard,2,vote1,spec@0.95,prop@0.1,True,1112,332,0.9940119760479041,0.8242424242424242,0.020356534311098264,10.0,34.66666666666667,
hard,2,vote1,spec@0.98,prop@0.5,True,1112,332,1.0,0.6666666666666666,0.018387227452402254,9.0,0.0,
hard,2,vote1,bacc,prop@0.05,True,1112,332,0.9940119760479041,0.8787878787878788,0.02875807016636847,16.333333333333332,57.99999999999999,
hard,2,vote2,spec@0.95,prop@0.1,True,1112,332,0.9940119760479041,0.8787878787878788,0.0015170334301381,19.666666666666668,22.686666666666664,
hard,2,vote2,spec@0.98,prop@0.5,True,1112,332,1.0,0.6909090909090909,0.000186410438592392,9.0,0.0,
hard,2,vote2,bacc,prop@0.05,True,1112,332,0.9940119760479041,0.8909090909090909,0.0010728636674972101,16.333333333333332,57.99999999999999,
hard,2,vote3,spec@0.95,prop@0.1,True,1112,332,0.9940119760479041,0.8848484848484849,0.0015170334301381,1.0,22.686666666666664,
hard,2,vote3,spec@0.98,prop@0.5,False,1112,332,1.0,0.7272727272727273,8.759214953731004e-05,0.0,0.0,
hard,2,vote3,bacc,prop@0.05,True,1112,332,0.9940119760479041,0.896969696969697,0.0005340962647334739,1.3333333333333333,57.99999999999999,
hard,2,single_hist,spec@0.95,prop@0.05,True,1112,332,0.9940119760479041,0.7515151515151515,0.0021207472631031474,,,
hard,2,single_hist,spec@0.98,prop@0.05,True,1112,332,0.9940119760479041,0.5454545454545454,0.0007243619726403023,,,
hard,2,single_hist,bacc,prop@0.05,True,1112,332,0.9281437125748503,0.8787878787878788,0.005043514613517163,,,
hard,2,single_mean,spec@0.95,prop@0.05,True,1112,332,0.9700598802395209,0.4484848484848485,,2.333333333333333,,
hard,2,single_mean,spec@0.98,prop@0.05,True,1112,332,1.0,0.32727272727272727,,1.3333333333333333,,
hard,2,single_mean,bacc,prop@0.05,True,1112,332,0.8383233532934131,0.7636363636363637,,5.333333333333333,,
hard,2,single_prop,spec@0.95,prop@0.05,True,1112,332,0.9940119760479041,0.8606060606060606,,,52.27395309882748,
hard,2,single_prop,spec@0.98,prop@0.5,False,1112,332,1.0,0.7090909090909091,,,0.0,
hard,2,single_prop,bacc,prop@0.05,True,1112,332,0.9940119760479041,0.9090909090909091,,,62.66666666666667,
hard,2,logreg,spec@0.95,prop@0.2,True,1112,332,0.9940119760479041,0.8909090909090909,,,,-0.42483066571372713
hard,2,logreg,spec@0.98,prop@0.5,True,1112,332,1.0,0.6545454545454545,,,,-3.2363984443616016
hard,2,logreg,bacc,prop@0.05,True,1112,332,0.9940119760479041,0.9030303030303031,,,,0.5303375969518811
hard,3,vote1,spec@0.95,prop@0.1,True,1152,333,0.9551282051282052,0.903954802259887,0.028824379585221046,19.99333333333334,32.166666666666664,
hard,3,vote1,spec@0.98,prop@0.3,True,1152,333,1.0,0.672316384180791,0.028824379585221046,16.333333333333332,0.0,
hard,3,vote1,bacc,prop@0.05,True,1152,333,0.9423076923076923,0.9661016949152542,0.028824379585221046,16.333333333333332,67.51333333333335,
hard,3,vote2,spec@0.95,prop@0.1,True,1152,333,0.9358974358974359,0.943502824858757,0.001839040484019906,19.99333333333334,32.166666666666664,
hard,3,vote2,spec@0.98,prop@0.5,True,1152,333,1.0,0.7909604519774012,0.0002899997395968139,9.0,0.0,
hard,3,vote2,bacc,prop@0.05,True,1152,333,0.9230769230769231,0.9830508474576272,0.002393158407036718,19.99333333333334,67.51333333333335,
hard,3,vote3,spec@0.95,prop@0.1,True,1152,333,0.9358974358974359,0.943502824858757,0.001839040484019906,0.3333333333333333,32.166666666666664,
hard,3,vote3,spec@0.98,prop@0.5,False,1152,333,1.0,0.8022598870056498,8.053098341427989e-05,0.3333333333333333,0.0,
hard,3,vote3,bacc,prop@0.05,True,1152,333,0.9358974358974359,0.96045197740113,0.002393158407036718,0.3333333333333333,52.33333333333333,
hard,3,single_hist,spec@0.95,prop@0.05,True,1152,333,0.9551282051282052,0.8361581920903954,0.002498494637149741,,,
hard,3,single_hist,spec@0.98,prop@0.05,True,1152,333,0.9935897435897436,0.5480225988700564,0.0007380604954799844,,,
hard,3,single_hist,bacc,prop@0.05,True,1152,333,0.9294871794871795,0.9322033898305084,0.004080841307773827,,,
hard,3,single_mean,spec@0.95,prop@0.05,True,1152,333,0.9743589743589743,0.4463276836158192,,2.333333333333333,,
hard,3,single_mean,spec@0.98,prop@0.05,True,1152,333,0.9935897435897436,0.3502824858757062,,1.3333333333333333,,
hard,3,single_mean,bacc,prop@0.05,True,1152,333,0.7948717948717948,0.8305084745762712,,5.333333333333333,,
hard,3,single_prop,spec@0.95,prop@0.05,True,1152,333,0.9487179487179487,0.943502824858757,,,61.112948073701844,
hard,3,single_prop,spec@0.98,prop@0.5,False,1152,333,1.0,0.7627118644067796,,,0.0,
hard,3,single_prop,bacc,prop@0.05,True,1152,333,0.9487179487179487,0.96045197740113,,,63.55844221105527,
hard,3,logreg,spec@0.95,prop@0.1,True,1152,333,0.9551282051282052,0.9096045197740112,,,,-0.33593492774040357
hard,3,logreg,spec@0.98,prop@0.2,True,1152,333,1.0,0.7175141242937854,,,,-4.031620905369838
hard,3,logreg,bacc,prop@0.05,True,1152,333,0.9423076923076923,0.9717514124293786,,,,0.8714953025561473
hard,4,vote1,spec@0.95,prop@0.3,True,1196,332,0.7419354838709677,0.9951923076923077,0.02827143603113915,20.33333333333333,11.0,
hard,4,vote1,spec@0.98,prop@0.2,True,1196,332,0.9516129032258065,0.9326923076923077,0.017903481930142892,8.666666666666666,10.800000000000031,
hard,4,vote1,bacc,prop@0.05,True,1196,332,0.9274193548387096,0.9855769230769231,0.02827143603113915,16.333333333333332,61.33333333333333,
hard,4,vote2,spec@0.95,prop@0.3,True,1196,332,0.7419354838709677,0.9951923076923077,0.036019640952748476,1.0,11.0,
hard,4,vote2,spec@0.98,prop@0.2,True,1196,332,0.9435483870967742,0.9134615384615384,0.0010027813162806999,8.333333333333334,10.800000000000031,
hard,4,vote2,bacc,prop@0.05,True,1196,332,0.8709677419354839,0.9855769230769231,0.002584586045155659,16.333333333333332,61.33333333333333,
hard,4,vote3,spec@0.95,prop@0.1,True,1196,332,0.8548387096774194,0.9951923076923077,0.00068878776108334,1.0,40.0,
hard,4,vote3,spec@0.98,prop@0.2,True,1196,332,0.9596774193548387,0.9519230769230769,0.00030614548198544,0.3333333333333333,5.0,
hard,4,vote3,bacc,prop@0.05,True,1196,332,0.8709677419354839,0.9903846153846154,0.002584586045155659,0.3333333333333333,61.33333333333333,
hard,4,single_hist,spec@0.95,prop@0.05,True,1196,332,0.8709677419354839,0.8461538461538461,0.0034876684781453486,,,
hard,4,single_hist,spec@0.98,prop@0.05,True,1196,332,0.967741935483871,0.6298076923076923,0.001082684706420005,,,
hard,4,single_hist,bacc,prop@0.05,True,1196,332,0.8548387096774194,0.875,0.0038680056847262426,,,
hard,4,single_mean,spec@0.95,prop@0.05,True,1196,332,0.9758064516129032,0.46153846153846156,,2.333333333333333,,
hard,4,single_mean,spec@0.98,prop@0.05,True,1196,332,0.9919354838709677,0.3076923076923077,,1.3333333333333333,,
hard,4,single_mean,bacc,prop@0.05,True,1196,332,0.75,0.7740384615384616,,5.333333333333333,,
hard,4,single_prop,spec@0.95,prop@0.2,True,1196,332,0.7741935483870968,0.9951923076923077,,,20.48082077051928,
hard,4,single_prop,spec@0.98,prop@0.2,True,1196,332,0.9596774193548387,0.9471153846153846,,,6.056197654941381,
hard,4,single_prop,bacc,prop@0.05,True,1196,332,0.9112903225806451,0.9903846153846154,,,64.0,
hard,4,logreg,spec@0.95,prop@0.3,True,1196,332,0.7419354838709677,0.9951923076923077,,,,-0.307821729815297
hard,4,logreg,spec@0.98,prop@0.1,True,1196,332,0.967741935483871,0.9278846153846154,,,,-3.404649340479307
hard,4,logreg,bacc,prop@0.05,True,1196,332,0.7661290322580645,0.9951923076923077,,,,1.1940903459374146
all,0,vote1,spec@0.95,prop@0.05,True,1702,501,0.995,0.920265780730897,0.020044902626280302,18.0,44.77333333333339,
all,0,vote1,spec@0.98,prop@0.5,True,1702,501,0.995,0.8504983388704319,0.01634577748625379,9.273333333333312,0.0,
all,0,vote1,bacc,prop@0.05,True,1702,501,0.995,0.920265780730897,0.026981059673019517,18.0,44.77333333333339,
all,0,vote2,spec@0.95,prop@0.05,True,1702,501,0.99,0.9401993355481728,0.001267597463703794,18.0,44.77333333333339,
all,0,vote2,spec@0.98,prop@0.5,True,1702,501,0.995,0.8504983388704319,0.000198767101219456,9.273333333333312,0.0,
all,0,vote2,bacc,prop@0.05,True,1702,501,0.985,0.9501661129568106,0.0021431507676533553,18.0,44.77333333333339,
all,0,vote3,spec@0.95,prop@0.05,True,1702,501,0.99,0.9435215946843853,0.001267597463703794,1.3333333333333333,44.77333333333339,
all,0,vote3,spec@0.98,prop@0.5,False,1702,501,0.995,0.8737541528239202,3.2566542055671312e-15,0.3333333333333333,0.0,
all,0,vote3,bacc,prop@0.05,True,1702,501,0.99,0.9401993355481728,0.001267597463703794,0.3333333333333333,44.77333333333339,
all,0,single_hist,spec@0.95,prop@0.05,True,1702,501,0.99,0.8471760797342193,0.0021602423043652593,,,
all,0,single_hist,spec@0.98,prop@0.05,True,1702,501,1.0,0.6843853820598007,0.0006114836208161602,,,
all,0,single_hist,bacc,prop@0.05,True,1702,501,0.97,0.8870431893687708,0.0034868322733937005,,,
all,0,single_mean,spec@0.95,prop@0.05,True,1702,501,0.965,0.7209302325581395,,2.6666666666666665,,
all,0,single_mean,spec@0.98,prop@0.05,True,1702,501,1.0,0.6611295681063123,,1.3333333333333333,,
all,0,single_mean,bacc,prop@0.05,True,1702,501,0.92,0.7807308970099668,,4.0,,
all,0,single_prop,spec@0.95,prop@0.1,True,1702,501,0.995,0.946843853820598,,,31.58388609715242,
all,0,single_prop,spec@0.98,prop@0.5,False,1702,501,0.995,0.8704318936877077,,,0.0,
all,0,single_prop,bacc,prop@0.05,True,1702,501,0.965,0.9800664451827242,,,63.33333333333333,
all,0,logreg,spec@0.95,prop@0.3,True,1702,501,0.995,0.9169435215946844,,,,-0.4570038075205508
all,0,logreg,spec@0.98,prop@0.5,True,1702,501,0.995,0.8372093023255814,,,,-3.6573714136018523
all,0,logreg,bacc,prop@0.5,True,1702,501,0.985,0.9302325581395349,,,,-0.13788259389995847
all,1,vote1,spec@0.95,prop@0.05,True,1762,501,0.9890710382513661,0.9528301886792453,0.020457173962335453,18.33333333333333,47.50666666666666,
all,1,vote1,spec@0.98,prop@0.1,True,1762,501,0.994535519125683,0.9308176100628931,0.020457173962335453,18.33333333333333,13.606666666666644,
all,1,vote1,bacc,prop@0.05,True,1762,501,0.9890710382513661,0.9528301886792453,0.020457173962335453,18.33333333333333,47.50666666666666,
all,1,vote2,spec@0.95,prop@0.2,True,1762,501,0.9781420765027322,0.9748427672955975,0.001520449969549598,18.33333333333333,11.419999999999996,
all,1,vote2,spec@0.98,prop@0.1,True,1762,501,0.994535519125683,0.9339622641509434,0.0003066074539170287,18.33333333333333,13.606666666666644,
all,1,vote2,bacc,prop@0.05,True,1762,501,0.9781420765027322,0.9685534591194969,0.0023912302982712096,18.33333333333333,47.50666666666666,
all,1,vote3,spec@0.95,prop@0.1,True,1762,501,0.9781420765027322,0.9716981132075472,0.001520449969549598,0.3333333333333333,26.33333333333333,
all,1,vote3,spec@0.98,prop@0.5,True,1762,501,0.994535519125683,0.9339622641509434,0.0003066074539170287,0.0,0.0,
all,1,vote3,bacc,prop@0.05,True,1762,501,0.9836065573770492,0.9591194968553459,0.0009578651489200841,0.3333333333333333,47.50666666666666,
all,1,single_hist,spec@0.95,prop@0.05,True,1762,501,0.9781420765027322,0.9025157232704403,0.0023935152434548133,,,
all,1,single_hist,spec@0.98,prop@0.05,True,1762,501,0.9781420765027322,0.8238993710691824,0.0011599057287089514,,,
all,1,single_hist,bacc,prop@0.05,True,1762,501,0.9508196721311475,0.9339622641509434,0.0039821647080032505,,,
all,1,single_mean,spec@0.95,prop@0.05,True,1762,501,0.9726775956284153,0.7641509433962265,,2.333333333333333,,
all,1,single_mean,spec@0.98,prop@0.05,True,1762,501,0.9890710382513661,0.7138364779874213,,1.3333333333333333,,
all,1,single_mean,bacc,prop@0.05,True,1762,501,0.9508196721311475,0.839622641509434,,4.333333333333333,,
all,1,single_prop,spec@0.95,prop@0.05,True,1762,501,0.9781420765027322,0.9842767295597484,,,61.01251256281406,
all,1,single_prop,spec@0.98,prop@0.5,True,1762,501,0.994535519125683,0.9276729559748428,,,0.0,
all,1,single_prop,bacc,prop@0.05,True,1762,501,0.9781420765027322,0.9842767295597484,,,61.01251256281406,
all,1,logreg,spec@0.95,prop@0.05,True,1762,501,0.9836065573770492,0.9654088050314465,,,,-0.23886933030759855
all,1,logreg,spec@0.98,prop@0.5,True,1762,501,0.994535519125683,0.9182389937106918,,,,-2.9462014892869157
all,1,logreg,bacc,prop@0.05,True,1762,501,0.9836065573770492,0.9654088050314465,,,,-0.4386913689179278
all,2,vote1,spec@0.95,prop@0.1,True,1741,500,0.9941176470588236,0.9,0.0221786814806804,18.33333333333333,21.0,
all,2,vote1,spec@0.98,prop@0.1,True,1741,500,0.9941176470588236,0.8242424242424242,0.0221786814806804,18.33333333333333,7.333333333333333,
all,2,vote1,bacc,prop@0.05,True,1741,500,0.9941176470588236,0.9636363636363636,0.029022699937463294,18.33333333333333,64.0,
all,2,vote2,spec@0.95,prop@0.05,True,1741,500,0.9941176470588236,0.9303030303030303,0.0013526214167562198,18.33333333333333,41.66666666666667,
all,2,vote2,spec@0.98,prop@0.1,True,1741,500,0.9941176470588236,0.8393939393939394,0.018169253727780648,0.6666666666666666,7.333333333333333,
all,2,vote2,bacc,prop@0.05,True,1741,500,0.9941176470588236,0.9636363636363636,0.00084214715532862,18.33333333333333,64.0,
all,2,vote3,spec@0.95,prop@0.1,True,1741,500,0.9941176470588236,0.9393939393939394,0.0013526214167562198,0.6666666666666666,21.0,
all,2,vote3,spec@0.98,prop@0.5,False,1741,500,1.0,0.8575757575757575,3.2566542055671312e-15,0.0,0.0,
all,2,vote3,bacc,prop@0.1,True,1741,500,0.9941176470588236,0.906060606060606,3.293661639721303e-15,0.6666666666666666,21.0,
all,2,single_hist,spec@0.95,prop@0.05,True,1741,500,0.9941176470588236,0.8757575757575757,0.0021247097866569113,,,
all,2,single_hist,spec@0.98,prop@0.05,True,1741,500,0.9941176470588236,0.7757575757575758,0.0007631464026024471,,,
all,2,single_hist,bacc,prop@0.05,True,1741,500,0.9882352941176471,0.9242424242424242,0.003485734001664488,,,
all,2,single_mean,spec@0.95,prop@0.05,True,1741,500,0.9705882352941176,0.7090909090909091,,2.333333333333333,,
all,2,single_mean,spec@0.98,prop@0.05,True,1741,500,1.0,0.6424242424242425,,1.3333333333333333,,
all,2,single_mean,bacc,prop@0.05,True,1741,500,0.9,0.8242424242424242,,4.0,,
all,2,single_prop,spec@0.95,prop@0.1,True,1741,500,0.9941176470588236,0.9333333333333333,,,31.508542713567746,
all,2,single_prop,spec@0.98,prop@0.5,False,1741,500,1.0,0.8515151515151516,,,0.0,
all,2,single_prop,bacc,prop@0.05,True,1741,500,0.9941176470588236,0.9424242424242424,,,58.933668341708504,
all,2,logreg,spec@0.95,prop@0.05,True,1741,500,0.9941176470588236,0.9424242424242424,,,,0.08912280857925023
all,2,logreg,spec@0.98,prop@0.5,True,1741,500,1.0,0.8272727272727273,,,,-4.262106157840723
all,2,logreg,bacc,prop@0.05,True,1741,500,0.9941176470588236,0.9303030303030303,,,,-0.19471114238601392
all,3,vote1,spec@0.95,prop@0.05,True,1801,501,0.9675324675324676,0.9365994236311239,0.0218254740632205,18.0,44.333333333333336,
all,3,vote1,spec@0.98,prop@0.5,True,1801,501,1.0,0.8731988472622478,0.0179215184979979,9.666666666666666,0.0,
all,3,vote1,bacc,prop@0.05,True,1801,501,0.9415584415584416,0.9827089337175793,0.0295498427811078,18.0,64.66666666666666,
all,3,vote2,spec@0.95,prop@0.1,True,1801,501,0.948051948051948,0.968299711815562,0.0022814083532455,18.0,22.33333333333333,
all,3,vote2,spec@0.98,prop@0.5,True,1801,501,1.0,0.8933717579250721,0.0002217572618327,9.666666666666666,0.0,
all,3,vote2,bacc,prop@0.05,True,1801,501,0.9285714285714286,0.9827089337175793,0.0013834431632376,15.0,64.66666666666666,
all,3,vote3,spec@0.95,prop@0.1,True,1801,501,0.948051948051948,0.968299711815562,0.0022814083532455,0.6666666666666666,22.33333333333333,
all,3,vote3,spec@0.98,prop@0.5,False,1801,501,1.0,0.899135446685879,3.2566542055671312e-15,0.6666666666666666,0.0,
all,3,vote3,bacc,prop@0.05,True,1801,501,0.9415584415584416,0.9827089337175793,1.3696110550100225e-05,0.6666666666666666,64.66666666666666,
all,3,single_hist,spec@0.95,prop@0.05,True,1801,501,0.9545454545454546,0.9164265129682997,0.0025187480369870743,,,
all,3,single_hist,spec@0.98,prop@0.05,True,1801,501,0.9935064935064936,0.7723342939481268,0.0007330207317949553,,,
all,3,single_hist,bacc,prop@0.05,True,1801,501,0.9415584415584416,0.9365994236311239,0.0033765794582223947,,,
all,3,single_mean,spec@0.95,prop@0.05,True,1801,501,0.974025974025974,0.723342939481268,,2.333333333333333,,
all,3,single_mean,spec@0.98,prop@0.05,True,1801,501,0.9935064935064936,0.6829971181556196,,1.3333333333333333,,
all,3,single_mean,bacc,prop@0.05,True,1801,501,0.8831168831168831,0.8876080691642652,,4.666666666666667,,
all,3,single_prop,spec@0.95,prop@0.05,True,1801,501,0.948051948051948,0.9596541786743515,,,60.27638190954781,
all,3,single_prop,spec@0.98,prop@0.5,False,1801,501,1.0,0.8818443804034583,,,0.0,
all,3,single_prop,bacc,prop@0.05,True,1801,501,0.948051948051948,0.9596541786743515,,,60.27638190954781,
all,3,logreg,spec@0.95,prop@0.5,True,1801,501,0.961038961038961,0.9567723342939481,,,,-0.3219644112400713
all,3,logreg,spec@0.98,prop@0.5,True,1801,501,1.0,0.861671469740634,,,,-4.4912471848483255
all,3,logreg,bacc,prop@0.5,True,1801,501,0.961038961038961,0.9567723342939481,,,,-0.3219644112400713
all,4,vote1,spec@0.95,prop@0.3,True,1859,500,0.872,0.9946666666666667,0.029108606377791762,18.33333333333333,6.0,
all,4,vote1,spec@0.98,prop@0.5,True,1859,500,0.88,0.9493333333333334,0.022086111231905483,7.666666666666667,2.0,
all,4,vote1,bacc,prop@0.5,True,1859,500,0.848,0.9893333333333333,0.029108606377791762,18.33333333333333,2.0,
all,4,vote2,spec@0.95,prop@0.3,True,1859,500,0.848,0.9946666666666667,0.002252261742186644,18.33333333333333,6.0,
all,4,vote2,spec@0.98,prop@0.5,True,1859,500,0.952,0.976,0.022086111231905483,1.3333333333333333,0.3333333333333333,
all,4,vote2,bacc,prop@0.5,True,1859,500,0.816,0.9866666666666667,0.002252261742186644,15.0,2.0,
all,4,vote3,spec@0.95,prop@0.2,True,1859,500,0.912,0.9973333333333333,0.002252261742186644,0.6666666666666666,12.333333333333334,
all,4,vote3,spec@0.98,prop@0.5,True,1859,500,0.952,0.9706666666666667,3.2566542055671312e-15,0.6666666666666666,0.3333333333333333,
all,4,vote3,bacc,prop@0.5,True,1859,500,0.848,0.9946666666666667,5.110525843242135e-05,1.3333333333333333,2.0,
all,4,single_hist,spec@0.95,prop@0.05,True,1859,500,0.888,0.9066666666666666,0.0032447899888384426,,,
all,4,single_hist,spec@0.98,prop@0.05,True,1859,500,0.968,0.7813333333333333,0.0010307284845806012,,,
all,4,single_hist,bacc,prop@0.05,True,1859,500,0.856,0.9226666666666666,0.0037368678686888587,,,
all,4,single_mean,spec@0.95,prop@0.05,True,1859,500,0.976,0.7013333333333334,,2.333333333333333,,
all,4,single_mean,spec@0.98,prop@0.05,True,1859,500,0.992,0.6133333333333333,,1.3333333333333333,,
all,4,single_mean,bacc,prop@0.05,True,1859,500,0.864,0.824,,4.333333333333333,,
all,4,single_prop,spec@0.95,prop@0.1,True,1859,500,0.872,0.9973333333333333,,,38.66666666666666,
all,4,single_prop,spec@0.98,prop@0.3,True,1859,500,0.96,0.9653333333333334,,,2.0,
all,4,single_prop,bacc,prop@0.05,True,1859,500,0.928,0.9946666666666667,,,63.75768844221102,
all,4,logreg,spec@0.95,prop@0.3,True,1859,500,0.888,0.9973333333333333,,,,0.0016171076587728633
all,4,logreg,spec@0.98,prop@0.5,True,1859,500,0.952,0.976,,,,-2.2405453081756566
all,4,logreg,bacc,prop@0.05,True,1859,500,0.856,0.9973333333333333,,,,0.752395022706503
