scenario,objective,method,prior,recall,specificity,precision,f1,balanced_acc,mcc,tx_rate_deploy,missed_change_rate_deploy,precision_deploy,energy_saving_deploy
hard,spec@0.95,classique,0.05,0.9387019230769231,0.9290012033694344,0.9297619047619048,0.9342105263157895,0.9338515632231787,0.867748310296476,0.1143839529528835,0.003064903846153844,0.41032937699905725,0.8736160470471165
hard,spec@0.95,classique,0.1,0.9387019230769231,0.9290012033694344,0.9297619047619048,0.9342105263157895,0.9338515632231787,0.867748310296476,0.15776910927520138,0.006129807692307688,0.5949846122535416,0.8302308907247986
hard,spec@0.95,classique,0.2,0.9387019230769231,0.9290012033694344,0.9297619047619048,0.9342105263157895,0.9338515632231787,0.867748310296476,0.24453942191983716,0.012259615384615376,0.7677305488884656,0.7434605780801629
hard,spec@0.95,classique,0.3,0.9387019230769231,0.9290012033694344,0.9297619047619048,0.9342105263157895,0.9338515632231787,0.867748310296476,0.3313097345644729,0.01838942307692306,0.8499918582026316,0.6566902654355271
hard,spec@0.95,classique,0.5,0.9387019230769231,0.9290012033694344,0.9297619047619048,0.9342105263157895,0.9338515632231787,0.867748310296476,0.5048503598537444,0.030649038461538436,0.9296833257174125,0.4831496401462556
hard,spec@0.95,robuste,0.05,0.9362980769230769,0.9482551143200962,0.9476885644768857,0.9419588875453446,0.9422765956215866,0.8846107689706343,0.09597254524206242,0.0031850961538461564,0.4877947513851703,0.8920274547579375
hard,spec@0.95,robuste,0.1,0.9362980769230769,0.9482551143200962,0.9476885644768857,0.9419588875453446,0.9422765956215866,0.8846107689706343,0.14020020480422107,0.006370192307692313,0.6678293218120087,0.847799795195779
hard,spec@0.95,robuste,0.2,0.9362980769230769,0.9482551143200962,0.9476885644768857,0.9419588875453446,0.9422765956215866,0.8846107689706343,0.22865552392853838,0.012740384615384626,0.8189595080289404,0.7593444760714616
hard,spec@0.95,robuste,0.3,0.9362980769230769,0.9482551143200962,0.9476885644768857,0.9419588875453446,0.9422765956215866,0.8846107689706343,0.3171108430528557,0.01911057692307694,0.885776785091214,0.6708891569471442
hard,spec@0.95,robuste,0.5,0.9362980769230769,0.9482551143200962,0.9476885644768857,0.9419588875453446,0.9422765956215866,0.8846107689706343,0.4940214813014903,0.031850961538461564,0.9476289112534309,0.49397851869850967
hard,spec@0.98,classique,0.05,0.9867788461538461,0.7978339350180506,0.8301314459049545,0.901702361339923,0.8923063905859483,0.7990785251804449,0.24139670404054428,0.0006610576923076928,0.2043894613383184,0.7466032959594557
hard,spec@0.98,classique,0.1,0.9867788461538461,0.7978339350180506,0.8301314459049545,0.901702361339923,0.8923063905859483,0.7990785251804449,0.28062734309913917,0.0013221153846153856,0.3516331784551871,0.7073726569008608
hard,spec@0.98,classique,0.2,0.9867788461538461,0.7978339350180506,0.8301314459049545,0.901702361339923,0.8923063905859483,0.7990785251804449,0.3590886212163288,0.002644230769230771,0.5496018463694915,0.6289113787836712
hard,spec@0.98,classique,0.3,0.9867788461538461,0.7978339350180506,0.8301314459049545,0.901702361339923,0.8923063905859483,0.7990785251804449,0.4375498993335184,0.003966346153846156,0.6765711849027415,0.5504501006664816
hard,spec@0.98,classique,0.5,0.9867788461538461,0.7978339350180506,0.8301314459049545,0.901702361339923,0.8923063905859483,0.7990785251804449,0.5944724555678977,0.006610576923076927,0.8299617895762549,0.39352754443210225
hard,spec@0.98,robuste,0.05,0.9819711538461539,0.8447653429602888,0.8636363636363636,0.9190101237345333,0.9133682484032213,0.8346879411950126,0.19657148188003332,0.0009014423076923073,0.24977457168620382,0.7914285181199667
hard,spec@0.98,robuste,0.1,0.9819711538461539,0.8447653429602888,0.8636363636363636,0.9190101237345333,0.9133682484032213,0.8346879411950126,0.23790830672035546,0.0018028846153846146,0.41275194102423346,0.7500916932796445
hard,spec@0.98,robuste,0.2,0.9819711538461539,0.8447653429602888,0.8636363636363636,0.9190101237345333,0.9133682484032213,0.8346879411950126,0.32058195640099973,0.0036057692307692292,0.6126178558957048,0.6674180435990003
hard,spec@0.98,robuste,0.3,0.9819711538461539,0.8447653429602888,0.8636363636363636,0.9190101237345333,0.9133682484032213,0.8346879411950126,0.40325560608164396,0.005408653846153843,0.7305325498542544,0.5847443939183561
hard,spec@0.98,robuste,0.5,0.9819711538461539,0.8447653429602888,0.8636363636363636,0.9190101237345333,0.9133682484032213,0.8346879411950126,0.5686029054429325,0.009014423076923073,0.8634946677604595,0.41939709455706753
hard,bacc,classique,0.05,0.9435096153846154,0.9614921780986763,0.9608323133414932,0.9520921770770163,0.9525008967416458,0.9051392651934911,0.08375791157548831,0.0028245192307692294,0.5632361156320502,0.9042420884245117
hard,bacc,classique,0.1,0.9435096153846154,0.9614921780986763,0.9608323133414932,0.9520921770770163,0.9525008967416458,0.9051392651934911,0.12900800124965292,0.005649038461538459,0.7313574400387464,0.858991998750347
hard,bacc,classique,0.2,0.9435096153846154,0.9614921780986763,0.9608323133414932,0.9520921770770163,0.9525008967416458,0.9051392651934911,0.2195081805979821,0.011298076923076918,0.859657815771891,0.7684918194020178
hard,bacc,classique,0.3,0.9435096153846154,0.9614921780986763,0.9608323133414932,0.9520921770770163,0.9525008967416458,0.9051392651934911,0.31000835994631126,0.016947115384615373,0.9130491986229181,0.6779916400536887
hard,bacc,classique,0.5,0.9435096153846154,0.9614921780986763,0.9608323133414932,0.9520921770770163,0.9525008967416458,0.9051392651934911,0.4910087186429696,0.02824519230769229,0.9607870283772657,0.4969912813570304
hard,bacc,robuste,0.05,0.9435096153846154,0.9542719614921781,0.9538274605103281,0.9486404833836858,0.9488907884383968,0.8978283270001622,0.0906171173516616,0.0028245192307692294,0.5206023116598923,0.8973828826483384
hard,bacc,robuste,0.1,0.9435096153846154,0.9542719614921781,0.9538274605103281,0.9486404833836858,0.9488907884383968,0.8978283270001622,0.13550619619550128,0.005649038461538459,0.6962852193292837,0.8524938038044987
hard,bacc,robuste,0.2,0.9435096153846154,0.9542719614921781,0.9538274605103281,0.9486404833836858,0.9488907884383968,0.8978283270001622,0.22528435388318063,0.011298076923076918,0.837616637925832,0.7627156461168194
hard,bacc,robuste,0.3,0.9435096153846154,0.9542719614921781,0.9538274605103281,0.9486404833836858,0.9488907884383968,0.8978283270001622,0.31506251157085996,0.016947115384615373,0.898402298655338,0.67293748842914
hard,bacc,robuste,0.5,0.9435096153846154,0.9542719614921781,0.9538274605103281,0.9486404833836858,0.9488907884383968,0.8978283270001622,0.49461882694621867,0.02824519230769229,0.9537744662994864,0.4933811730537813
all,spec@0.95,classique,0.05,0.9591346153846154,0.9628964691801316,0.9279069767441861,0.9432624113475178,0.9610155422823735,0.9145920952457618,0.08320508504810574,0.002043269230769229,0.576367787395496,0.9047949149518942
all,spec@0.95,classique,0.1,0.9591346153846154,0.9628964691801316,0.9279069767441861,0.9432624113475178,0.9610155422823735,0.9145920952457618,0.1293066392763431,0.004086538461538458,0.741752025071841,0.8586933607236569
all,spec@0.95,classique,0.2,0.9591346153846154,0.9628964691801316,0.9279069767441861,0.9432624113475178,0.9610155422823735,0.9145920952457618,0.2215097477328178,0.008173076923076917,0.8659976594271699,0.7664902522671821
all,spec@0.95,classique,0.3,0.9591346153846154,0.9628964691801316,0.9279069767441861,0.9432624113475178,0.9610155422823735,0.9145920952457618,0.31371285618929245,0.012259615384615374,0.9172094128069899,0.6742871438107075
all,spec@0.95,classique,0.5,0.9591346153846154,0.9628964691801316,0.9279069767441861,0.9432624113475178,0.9610155422823735,0.9145920952457618,0.4981190731022419,0.02043269230769229,0.962756364066938,0.4898809268977581
all,spec@0.95,robuste,0.05,0.9519230769230769,0.9634949132256134,0.9284876905041032,0.940059347181009,0.9577089950743451,0.9098144779254359,0.08227598628182109,0.0024038461538461566,0.5784938716276469,0.9057240137181789
all,spec@0.95,robuste,0.1,0.9519230769230769,0.9634949132256134,0.9284876905041032,0.940059347181009,0.9577089950743451,0.9098144779254359,0.1280468857892556,0.004807692307692313,0.7434175935288171,0.8599531142107444
all,spec@0.95,robuste,0.2,0.9519230769230769,0.9634949132256134,0.9284876905041032,0.940059347181009,0.9577089950743451,0.9098144779254359,0.21958868480412463,0.009615384615384626,0.8670055816147376,0.7684113151958754
all,spec@0.95,robuste,0.3,0.9519230769230769,0.9634949132256134,0.9284876905041032,0.940059347181009,0.9577089950743451,0.9098144779254359,0.31113048381899366,0.014423076923076938,0.9178686690278254,0.6768695161810063
all,spec@0.95,robuste,0.5,0.9519230769230769,0.9634949132256134,0.9284876905041032,0.940059347181009,0.9577089950743451,0.9098144779254359,0.4942140818487317,0.024038461538461564,0.9630675368072981,0.49378591815126827
all,spec@0.98,classique,0.05,0.9891826923076923,0.9012567324955116,0.832995951417004,0.9043956043956044,0.945219712401602,0.8581623952876914,0.14326523874464855,0.0005408653846153855,0.34522774016060537,0.8447347612553514
all,spec@0.98,classique,0.1,0.9891826923076923,0.9012567324955116,0.832995951417004,0.9043956043956044,0.945219712401602,0.8581623952876914,0.18778720998480877,0.001081730769230771,0.5267572229161471,0.8002127900151912
all,spec@0.98,classique,0.2,0.9891826923076923,0.9012567324955116,0.832995951417004,0.9043956043956044,0.945219712401602,0.8581623952876914,0.2768311524651292,0.002163461538461542,0.7146469488706073,0.7111688475348708
all,spec@0.98,classique,0.3,0.9891826923076923,0.9012567324955116,0.832995951417004,0.9043956043956044,0.945219712401602,0.8581623952876914,0.3658750949454495,0.0032451923076923126,0.8110822840689733,0.6221249050545505
all,spec@0.98,classique,0.5,0.9891826923076923,0.9012567324955116,0.832995951417004,0.9043956043956044,0.945219712401602,0.8581623952876914,0.5439629799060903,0.005408653846153855,0.9092371437468636,0.44403702009390966
all,spec@0.98,robuste,0.05,0.9675480769230769,0.9198084979054458,0.8572949946751863,0.909090909090909,0.9436782874142613,0.8633698712269853,0.12455933083598031,0.0016225961538461565,0.38838843723283323,0.8634406691640197
all,spec@0.98,robuste,0.1,0.9675480769230769,0.9198084979054458,0.8572949946751863,0.909090909090909,0.9436782874142613,0.8633698712269853,0.16892715957740645,0.003245192307692313,0.572760519589346,0.8190728404225935
all,spec@0.98,robuste,0.2,0.9675480769230769,0.9198084979054458,0.8572949946751863,0.909090909090909,0.9436782874142613,0.8633698712269853,0.25766281706025873,0.006490384615384626,0.7510187833557682,0.7303371829397413
all,spec@0.98,robuste,0.3,0.9675480769230769,0.9198084979054458,0.8572949946751863,0.909090909090909,0.9436782874142613,0.8633698712269853,0.346398474543111,0.009735576923076939,0.8379494842169064,0.641601525456889
all,spec@0.98,robuste,0.5,0.9675480769230769,0.9198084979054458,0.8572949946751863,0.909090909090909,0.9436782874142613,0.8633698712269853,0.5238697895088156,0.016225961538461564,0.9234623720431154,0.4641302104911844
all,bacc,classique,0.05,0.9495192307692307,0.9712746858168761,0.9427207637231504,0.9461077844311377,0.9603969582930534,0.919143247999888,0.07476501001242919,0.002524038461538464,0.6350024099584681,0.9132349899875708
all,bacc,classique,0.1,0.9495192307692307,0.9712746858168761,0.9427207637231504,0.9461077844311377,0.9603969582930534,0.919143247999888,0.12080470584173454,0.005048076923076928,0.7859952343356472,0.8671952941582655
all,bacc,classique,0.2,0.9495192307692307,0.9712746858168761,0.9427207637231504,0.9461077844311377,0.9603969582930534,0.919143247999888,0.21288409750034523,0.010096153846153855,0.8920527572687208,0.7751159024996548
all,bacc,classique,0.3,0.9495192307692307,0.9712746858168761,0.9427207637231504,0.9461077844311377,0.9603969582930534,0.919143247999888,0.30496348915895594,0.015144230769230781,0.9340651565089289,0.6830365108410441
all,bacc,classique,0.5,0.9495192307692307,0.9712746858168761,0.9427207637231504,0.9461077844311377,0.9603969582930534,0.919143247999888,0.4891222724761773,0.025240384615384637,0.970635855490998,0.4988777275238227
all,bacc,robuste,0.05,0.9723557692307693,0.9593058049072412,0.9224629418472063,0.9467524868344062,0.9658307870690053,0.919915643814322,0.08727727379965937,0.0013822115384615364,0.5570498062661556,0.9007227262003407
all,bacc,robuste,0.1,0.9723557692307693,0.9593058049072412,0.9224629418472063,0.9467524868344062,0.9658307870690053,0.919915643814322,0.1338603525065599,0.0027644230769230727,0.7263956436862951,0.8541396474934401
all,bacc,robuste,0.2,0.9723557692307693,0.9593058049072412,0.9224629418472063,0.9467524868344062,0.9658307870690053,0.919915643814322,0.22702650992036094,0.0055288461538461455,0.8566010811441042,0.760973490079639
all,bacc,robuste,0.3,0.9723557692307693,0.9593058049072412,0.9224629418472063,0.9467524868344062,0.9658307870690053,0.919915643814322,0.32019266733416196,0.008293269230769217,0.9110350127562338,0.667807332665838
all,bacc,robuste,0.5,0.9723557692307693,0.9593058049072412,0.9224629418472063,0.9467524868344062,0.9658307870690053,0.919915643814322,0.5065249821617641,0.013822115384615363,0.9598300216910497,0.4814750178382359
