scenario,objective,rule,metric,est,lo,hi,n,diff_vs_ref,diff_lo,diff_hi
hard,spec@0.95,vote1,recall,0.9447115384615384,0.9058935051731631,0.9753702155248154,1663,0.006009615384615308,0.0011946719298020158,0.012835472578763163
hard,spec@0.95,vote1,specificity,0.9049338146811071,0.8642188282279964,0.9405223243493386,1663,-0.02406738868832725,-0.04668592125488677,-0.0035756853396901045
hard,spec@0.95,vote1,precision,0.9086705202312139,0.878889327142012,0.938327143735273,1663,-0.021091384530690926,-0.04026444331160349,-0.0027522540347923174
hard,spec@0.95,vote1,f1,0.9263406010606953,0.9049539413779042,0.945099171313067,1663,-0.007869925255094223,-0.018481148529730963,0.002303952985215281
hard,spec@0.95,vote1,balanced_acc,0.9248226765713228,0.9040683892625521,0.9441409680985658,1663,-0.009028886651855972,-0.020799834659582888,0.0018878225172734347
hard,spec@0.95,vote1,mcc,0.8503356011719018,0.8091481745441713,0.8886324316556671,1663,-0.017412709124574266,-0.03978495771953194,0.003872310005753407
hard,spec@0.95,vote1,tx_rate_deploy,0.264995255947422,0.23248832019397997,0.30100217927188,1663,0.020455834027584857,0.004321960926226283,0.038423810169159515
hard,spec@0.95,vote1,missed_change_rate_deploy,0.011057692307692314,0.004925956895036925,0.01882129896536738,1663,-0.0012019230769230622,-0.0025670945157526322,-0.00023893438596040223
hard,spec@0.95,vote1,precision_deploy,0.713002604581706,0.6387151993580826,0.7969010538929802,1663,-0.054727944306759646,-0.10196818711592391,-0.00725214772757195
hard,spec@0.95,vote1,energy_saving_deploy,0.723004744052578,0.68699782072812,0.75551167980602,1663,-0.020455834027584885,-0.03842381016915952,-0.004321960926226313
hard,spec@0.95,vote2,recall,0.9387019230769231,0.900334229729748,0.9695637320214547,1663,,,
hard,spec@0.95,vote2,specificity,0.9290012033694344,0.8922150123544732,0.9587353906977272,1663,,,
hard,spec@0.95,vote2,precision,0.9297619047619048,0.902303709961889,0.9565280881755384,1663,,,
hard,spec@0.95,vote2,f1,0.9342105263157895,0.9118208975294886,0.9523809523809523,1663,,,
hard,spec@0.95,vote2,balanced_acc,0.9338515632231787,0.9122979442179168,0.951708277475435,1663,,,
hard,spec@0.95,vote2,mcc,0.867748310296476,0.8254604540106084,0.9037900544676576,1663,,,
hard,spec@0.95,vote2,tx_rate_deploy,0.24453942191983716,0.21657349402244083,0.2773823083569064,1663,,,
hard,spec@0.95,vote2,missed_change_rate_deploy,0.012259615384615376,0.006087253595709059,0.01993315405405041,1663,,,
hard,spec@0.95,vote2,precision_deploy,0.7677305488884656,0.6873300375142667,0.8498705150413531,1663,,,
hard,spec@0.95,vote2,energy_saving_deploy,0.7434605780801629,0.7106176916430935,0.7714265059775591,1663,,,
hard,spec@0.95,vote3,recall,0.9567307692307693,0.9321056912301638,0.9777292974083039,1663,0.018028846153846145,0.0023472119265299713,0.03906393261002444
hard,spec@0.95,vote3,specificity,0.9290012033694344,0.8932891705069125,0.9586208934539823,1663,0.0,-0.0036015487925939336,0.0035757920128804293
hard,spec@0.95,vote3,precision,0.9309941520467836,0.9041070602855326,0.9575502895078366,1663,0.0012322472848788069,-0.0021001862385519737,0.004897196839309129
hard,spec@0.95,vote3,f1,0.943687018375815,0.9275176506415966,0.9586083957705104,1663,0.009476492060025543,0.0012215734869435197,0.021235138498291638
hard,spec@0.95,vote3,balanced_acc,0.9428659863001019,0.9251367313395624,0.9587266830084631,1663,0.009014423076923128,0.0011650662770065906,0.019896434670051182
hard,spec@0.95,vote3,mcc,0.8860857639426002,0.851917727889954,0.9173049204587413,1663,0.018337453646124158,0.0024639256804740413,0.0386570768956688
hard,spec@0.95,vote3,tx_rate_deploy,0.24814519115060638,0.2223330486097524,0.2789049968760811,1663,0.003605769230769218,-0.0005972700234749544,0.008181603796323211
hard,spec@0.95,vote3,missed_change_rate_deploy,0.008653846153846146,0.004454140518339207,0.01357886175396724,1663,-0.00360576923076923,-0.007812786522004891,-0.0004694423853059935
hard,spec@0.95,vote3,precision_deploy,0.7711056295667662,0.691484081848624,0.8506784635792317,1663,0.0033750806783006126,-0.005939162269673975,0.01286860509974187
hard,spec@0.95,vote3,energy_saving_deploy,0.7398548088493936,0.7090950031239189,0.7656669513902475,1663,-0.0036057692307692735,-0.008181603796323132,0.0005972700234749268
hard,spec@0.95,single_hist,recall,0.9639423076923077,0.9429603369148859,0.9815282282954697,1663,0.02524038461538458,0.0035746324288126936,0.05591005423960252
hard,spec@0.95,single_hist,specificity,0.7906137184115524,0.7475833511815521,0.8347107438016529,1663,-0.138387484957882,-0.1830092560210767,-0.09315064503296211
hard,spec@0.95,single_hist,precision,0.8217213114754098,0.7936988125802311,0.8513671077753637,1663,-0.10804059328649496,-0.1426105896487254,-0.0732867697123467
hard,spec@0.95,single_hist,f1,0.8871681415929203,0.8689936962604611,0.9049795234549516,1663,-0.047042384722869146,-0.06856568864690439,-0.0247655726649911
hard,spec@0.95,single_hist,balanced_acc,0.87727801305193,0.8578819929391317,0.8975266386140303,1663,-0.056573550171248765,-0.07951506745248586,-0.032358125128035035
hard,spec@0.95,single_hist,mcc,0.7662145408067564,0.732119996765946,0.8019812135864686,1663,-0.1015337694897196,-0.14321680310052523,-0.056745656355133206
hard,spec@0.95,single_hist,tx_rate_deploy,0.3602974868092197,0.323391832340595,0.39720151104770507,1663,0.11575806488938253,0.0777938241944358,0.1516899785182423
hard,spec@0.95,single_hist,missed_change_rate_deploy,0.0072115384615384585,0.0036943543409060555,0.011407932617022819,1663,-0.005048076923076917,-0.011182010847920506,-0.0007149264857625398
hard,spec@0.95,single_hist,precision_deploy,0.5350813386065736,0.4911083224626686,0.591115592644726,1663,-0.232649210281892,-0.3135457764106341,-0.1553791977088009
hard,spec@0.95,single_hist,energy_saving_deploy,0.6277025131907803,0.5907984889522949,0.6646081676594049,1663,-0.11575806488938256,-0.15168997851824226,-0.07779382419443581
hard,spec@0.95,single_mean,recall,0.9711538461538461,0.958185719558842,0.9832139318485331,1663,0.03245192307692302,-2.857142857142618e-05,0.07090851512796702
hard,spec@0.95,single_mean,specificity,0.4428399518652226,0.3971432273881208,0.48811087986074975,1663,-0.48616125150421174,-0.535627649744941,-0.4402861287963821
hard,spec@0.95,single_mean,precision,0.6357199055861527,0.5998247884137984,0.6679603429603429,1663,-0.29404199917575213,-0.33871611648449895,-0.25314651364795027
hard,spec@0.95,single_mean,f1,0.7684260580123633,0.741714904307538,0.7912728890501698,1663,-0.1657844683034262,-0.19543124332365502,-0.1394645487371156
hard,spec@0.95,single_mean,balanced_acc,0.7069968990095343,0.684089140927642,0.7301500612712754,1663,-0.22685466421364442,-0.2532467870874461,-0.20047417299270776
hard,spec@0.95,single_mean,mcc,0.4876859021209688,0.4476277373679466,0.5255247622847842,1663,-0.38006240817550724,-0.4279744102770779,-0.3327169930760089
hard,spec@0.95,single_mean,tx_rate_deploy,0.6399588077385912,0.6025574332495133,0.6769403731061787,1663,0.395419385818754,0.3559359474892067,0.4374348159096895
hard,spec@0.95,single_mean,missed_change_rate_deploy,0.005769230769230771,0.0033572136302933717,0.008362856088231592,1663,-0.0064903846153846045,-0.01418170302559341,5.714285714254383e-06
hard,spec@0.95,single_mean,precision_deploy,0.30350511139477615,0.28751654305080754,0.32184422843569105,1663,-0.46422543749368944,-0.5424732989662999,-0.3911052940402066
hard,spec@0.95,single_mean,energy_saving_deploy,0.34804119226140884,0.3110596268938212,0.3854425667504867,1663,-0.395419385818754,-0.43743481590968963,-0.3559359474892067
hard,spec@0.95,single_prop,recall,0.9483173076923077,0.9160643714017823,0.9751685501786921,1663,0.009615384615384581,0.0025838959739934663,0.017341757627045644
hard,spec@0.95,single_prop,specificity,0.9338146811070999,0.8994890418478949,0.9631802825330164,1663,0.004813477737665495,-0.011139999261120154,0.022042667309488697
hard,spec@0.95,single_prop,precision,0.9348341232227488,0.907233242134063,0.9614364809107179,1663,0.005072218460844047,-0.009500991454745453,0.020132601675739218
hard,spec@0.95,single_prop,f1,0.9415274463007159,0.9210968197347873,0.958637648366079,1663,0.007316919984926451,-0.0009639038941769762,0.015922684038069766
hard,spec@0.95,single_prop,balanced_acc,0.9410659943997037,0.9216042146585857,0.9578298826768818,1663,0.0072144311765249824,-0.001581890407235012,0.0165566900291739
hard,spec@0.95,single_prop,mcc,0.8822315241440176,0.8441305929594379,0.9156762758223089,1663,0.014483213847541587,-0.0025069352116631827,0.03260548486005992
hard,spec@0.95,single_prop,tx_rate_deploy,0.24261171665278167,0.21672117629670337,0.2733296695482899,1663,-0.0019277052670554906,-0.01587458265504912,0.010808947130757883
hard,spec@0.95,single_prop,missed_change_rate_deploy,0.01033653846153846,0.004966289964261572,0.016787125719643532,1663,-0.0019230769230769162,-0.0034683515254091287,-0.0005167791947986932
hard,spec@0.95,single_prop,precision_deploy,0.7817572216015519,0.7031456747529776,0.863987339933504,1663,0.01402667271308633,-0.02561595839050125,0.055459736001791944
hard,spec@0.95,single_prop,energy_saving_deploy,0.7453882833472183,0.71467033045171,0.7712788237032967,1663,0.001927705267055435,-0.010808947130757885,0.015874582655049062
hard,spec@0.95,logreg,recall,0.9447115384615384,0.9116055658182067,0.9726967518087118,1663,0.006009615384615308,-0.005224717145343804,0.016796137059474907
hard,spec@0.95,logreg,specificity,0.9326113116726835,0.8975194169168504,0.9617204978305297,1663,0.0036101083032491488,-0.015914075887392805,0.0264522080659359
hard,spec@0.95,logreg,precision,0.9334916864608076,0.9056818181818181,0.9600545370917931,1663,0.003729781698902812,-0.01456814761219484,0.024399642753914298
hard,spec@0.95,logreg,f1,0.9390681003584229,0.9199305023730261,0.9559754114208378,1663,0.004857574042633428,-0.0055996265816387805,0.015642010068498764
hard,spec@0.95,logreg,balanced_acc,0.938661425067111,0.920462737401367,0.9547305662089511,1663,0.004809861843932284,-0.005891180643420318,0.01641887087450158
hard,spec@0.95,logreg,mcc,0.8773926491993784,0.8410328065737737,0.9098068098178629,1663,0.009644338902902394,-0.011610538527009152,0.03250928541977728
hard,spec@0.95,logreg,tx_rate_deploy,0.24285325835416088,0.21721704427854172,0.27427811680193487,1663,-0.0016861635656762741,-0.020120008448003303,0.014595855767955487
hard,spec@0.95,logreg,missed_change_rate_deploy,0.011057692307692314,0.005460649638257638,0.017678886836358643,1663,-0.0012019230769230622,-0.0033592274118949823,0.0010449434290687573
hard,spec@0.95,logreg,precision_deploy,0.7780101818389725,0.7007073164898611,0.8575409419892057,1663,0.010279632950506934,-0.04019091435307329,0.06611270855448693
hard,spec@0.95,logreg,energy_saving_deploy,0.745146741645839,0.7137218831980651,0.7707829557214583,1663,0.0016861635656761909,-0.014595855767955463,0.020120008448003282
hard,spec@0.98,vote1,recall,0.9879807692307693,0.9783984683539957,0.996355130494647,1663,0.0012019230769231282,0.0,0.0038612529580271406
hard,spec@0.98,vote1,specificity,0.7725631768953068,0.706868530731059,0.8311594378231895,1663,-0.02527075812274371,-0.05510083356320257,-0.00239220175628914
hard,spec@0.98,vote1,precision,0.8130563798219584,0.770491412958626,0.8549566176462756,1663,-0.017075066082996027,-0.037239234795736674,-0.0014806686002436932
hard,spec@0.98,vote1,f1,0.8920238741182854,0.8656863019983686,0.9162627717914873,1663,-0.009678487221637555,-0.022407968979416465,-0.0003446933878513656
hard,spec@0.98,vote1,balanced_acc,0.8802719730630381,0.8488071270285822,0.9089750399110866,1663,-0.012034417522910235,-0.026941278626728314,-0.0006045698212508139
hard,spec@0.98,vote1,mcc,0.7789097014949729,0.7278574909752583,0.8287643525710784,1663,-0.020168823685472015,-0.04588988093506359,-0.0005262682508827048
hard,spec@0.98,vote1,tx_rate_deploy,0.3795456123299084,0.33217038072531146,0.4329333992795365,1663,0.020456991113579626,0.0019842643587726166,0.04432592603361963
hard,spec@0.98,vote1,missed_change_rate_deploy,0.0024038461538461453,0.000728973901070602,0.004320306329200863,1663,-0.0002403846153846258,-0.0007722505916054283,0.0
hard,spec@0.98,vote1,precision_deploy,0.5206124044832837,0.45780401439057905,0.5942096926468526,1663,-0.02898944188620778,-0.060903436125156675,-0.002551834479540931
hard,spec@0.98,vote1,energy_saving_deploy,0.6084543876700916,0.5550666007204634,0.6558296192746885,1663,-0.02045699111357957,-0.04432592603361959,-0.0019842643587726213
hard,spec@0.98,vote2,recall,0.9867788461538461,0.9760403530895334,0.9953758560386602,1663,,,
hard,spec@0.98,vote2,specificity,0.7978339350180506,0.7415488922841864,0.8475241666251432,1663,,,
hard,spec@0.98,vote2,precision,0.8301314459049545,0.7949974239450442,0.8654700741525423,1663,,,
hard,spec@0.98,vote2,f1,0.901702361339923,0.8802602949776274,0.9220023282887078,1663,,,
hard,spec@0.98,vote2,balanced_acc,0.8923063905859483,0.8657226326266578,0.9162306383983893,1663,,,
hard,spec@0.98,vote2,mcc,0.7990785251804449,0.7571033655876896,0.8392692339780835,1663,,,
hard,spec@0.98,vote2,tx_rate_deploy,0.3590886212163288,0.3188469466173773,0.4051925393363622,1663,,,
hard,spec@0.98,vote2,missed_change_rate_deploy,0.002644230769230771,0.0009248287922679516,0.004791929382093319,1663,,,
hard,spec@0.98,vote2,precision_deploy,0.5496018463694915,0.48910445413881,0.6178701620644951,1663,,,
hard,spec@0.98,vote2,energy_saving_deploy,0.6289113787836712,0.5828074606636379,0.6691530533826228,1663,,,
hard,spec@0.98,vote3,recall,0.9903846153846154,0.9817290410267074,0.9975461624527863,1663,0.0036057692307692735,-0.002278034345388541,0.010491047639347672
hard,spec@0.98,vote3,specificity,0.8206979542719615,0.7644096035543404,0.869669604216809,1663,0.022864019253910906,0.0035125835920706825,0.04285755669591134
hard,spec@0.98,vote3,precision,0.8468653648509764,0.812251052691476,0.8812540064102564,1663,0.016733918946021942,0.002854221083515801,0.030759457651934583
hard,spec@0.98,vote3,f1,0.9130193905817175,0.8933529302284845,0.932050764348608,1663,0.011317029241794563,0.0030203559890118223,0.020181992965906764
hard,spec@0.98,vote3,balanced_acc,0.9055412848282884,0.878703424505275,0.9291412100552399,1663,0.013234894242340145,0.0036208930333958196,0.023385315394744595
hard,spec@0.98,vote3,mcc,0.8230880149755603,0.7812328830507902,0.8629611903696511,1663,0.024009489795115413,0.0070349667427788195,0.04242706691763655
hard,spec@0.98,vote3,tx_rate_deploy,0.34151855965935396,0.30145277163787054,0.38754405074106635,1663,-0.017570061556974825,-0.033656894733893085,-0.001602468911905974
hard,spec@0.98,vote3,missed_change_rate_deploy,0.0019230769230769162,0.0004907675094427439,0.0036541917946585085,1663,-0.0007211538461538549,-0.002098209527869536,0.0004556068690777083
hard,spec@0.98,vote3,precision_deploy,0.5799887516347397,0.5132585840212605,0.6548185760072942,1663,0.030386905265248232,0.004997199303532188,0.0568603923336873
hard,spec@0.98,vote3,energy_saving_deploy,0.646481440340646,0.6004559492589336,0.6865472283621293,1663,0.017570061556974825,0.0016024689119059688,0.033656894733893016
hard,spec@0.98,single_hist,recall,0.9879807692307693,0.9785078776015117,0.996273637845151,1663,0.0012019230769231282,-0.004866924568253083,0.007557152125791828
hard,spec@0.98,single_hist,specificity,0.5391095066185319,0.4758193083248845,0.6016277387350145,1663,-0.2587244283995187,-0.31091066619428287,-0.20806598507550386
hard,spec@0.98,single_hist,precision,0.6821576763485477,0.6427360236644499,0.7177243859839887,1663,-0.14797376955640673,-0.18314135978332347,-0.11549885188389603
hard,spec@0.98,single_hist,f1,0.8070692194403535,0.7785778978161974,0.8313112772471061,1663,-0.0946331418995695,-0.11782732339469075,-0.07371050511689309
hard,spec@0.98,single_hist,balanced_acc,0.7635451379246505,0.7326675622075559,0.795096910468872,1663,-0.1287612526612978,-0.15501024026708962,-0.1033385628770557
hard,spec@0.98,single_hist,mcc,0.5899577582272488,0.5413463353166744,0.6382191901617961,1663,-0.20912076695319604,-0.25303395953588864,-0.1669611968110167
hard,spec@0.98,single_hist,tx_rate_deploy,0.5663085485513284,0.5157220742010749,0.6178401572741182,1663,0.2072199273349996,0.16655013498328364,0.24921686755016206
hard,spec@0.98,single_hist,missed_change_rate_deploy,0.0024038461538461453,0.0007452724309697978,0.004298424479697665,1663,-0.0002403846153846258,-0.0015114304251583664,0.0009733849136506162
hard,spec@0.98,single_hist,precision_deploy,0.34891960284128465,0.3204445792729501,0.38259304253399634,1663,-0.20068224352820685,-0.25640456293294234,-0.15197764936096608
hard,spec@0.98,single_hist,energy_saving_deploy,0.4216914514486716,0.37015984272588176,0.4722779257989251,1663,-0.2072199273349996,-0.2492168675501621,-0.16655013498328367
hard,spec@0.98,single_mean,recall,0.9951923076923077,0.9903264812575574,0.9988519272901547,1663,0.008413461538461564,0.0011533693173663624,0.017677326360954735
hard,spec@0.98,single_mean,specificity,0.31889290012033694,0.28286325419044545,0.3530121238723739,1663,-0.4789410348977136,-0.5261959632589523,-0.4264794810967351
hard,spec@0.98,single_mean,precision,0.593974175035868,0.557701968379872,0.6277584019645555,1663,-0.23615727086908644,-0.2773548024731264,-0.1960841136956774
hard,spec@0.98,single_mean,f1,0.7439353099730458,0.714932351770792,0.7695579624320645,1663,-0.1577670513668772,-0.1865978892168873,-0.13133738407124476
hard,spec@0.98,single_mean,balanced_acc,0.6570426039063223,0.6396498399383489,0.6740333830823784,1663,-0.235263786679626,-0.25815333223497106,-0.2099506610260411
hard,spec@0.98,single_mean,mcc,0.42648339966451315,0.39505183868073596,0.45674541868326496,1663,-0.3725951255159317,-0.4129132440839895,-0.3296319662378573
hard,spec@0.98,single_mean,tx_rate_deploy,0.743924141442192,0.7165464015355691,0.7729984518340595,1663,0.3848355202258632,0.34244751445539007,0.4236109650239835
hard,spec@0.98,single_mean,missed_change_rate_deploy,0.0009615384615384581,0.0002296145419690493,0.00193470374848852,1663,-0.001682692307692313,-0.003535465272190948,-0.00023067386347327252
hard,spec@0.98,single_mean,precision_deploy,0.2675520936215352,0.257793372270158,0.2776328141514687,1663,-0.2820497527479563,-0.3457240608901419,-0.22482133489474526
hard,spec@0.98,single_mean,energy_saving_deploy,0.244075858557808,0.21500154816594055,0.27145359846443085,1663,-0.3848355202258632,-0.42361096502398365,-0.34244751445539007
hard,spec@0.98,single_prop,recall,0.9915865384615384,0.9830487855169285,0.997709049255441,1663,0.004807692307692291,-0.0012706884455092825,0.012626661686396224
hard,spec@0.98,single_prop,specificity,0.8038507821901324,0.7475627404286499,0.8547721674876846,1663,0.006016847172081841,-0.017753623188405777,0.03114053143712578
hard,spec@0.98,single_prop,precision,0.8350202429149798,0.8,0.870489868694989,1663,0.004888797010025314,-0.011440412111336614,0.022261788702159512
hard,spec@0.98,single_prop,f1,0.9065934065934067,0.8862205411532443,0.9265909124923299,1663,0.004891045253483717,-0.0048884104500820395,0.015324222518379354
hard,spec@0.98,single_prop,balanced_acc,0.8977186603258354,0.8706431295750364,0.9223607325174542,1663,0.005412269739887066,-0.006233689476065804,0.018095053500916614
hard,spec@0.98,single_prop,mcc,0.809911899587002,0.7676830473329773,0.8512485444710066,1663,0.010833374406557184,-0.009439786505937369,0.032677729684694526
hard,spec@0.98,single_prop,tx_rate_deploy,0.3552366819402018,0.3139460115169048,0.40111525254148916,1663,-0.003851939276126981,-0.023946658355817066,0.015382866488469715
hard,spec@0.98,single_prop,missed_change_rate_deploy,0.001682692307692313,0.00045819014891179677,0.0033902428966142823,1663,-0.0009615384615384581,-0.0025253323372792453,0.00025413768910185667
hard,spec@0.98,single_prop,precision_deploy,0.5582681006059255,0.495927786864145,0.6305232466726707,1663,0.008666254236433968,-0.020201338434680097,0.04007063104448957
hard,spec@0.98,single_prop,energy_saving_deploy,0.6327633180597982,0.5868847474585108,0.6740539884830952,1663,0.0038519392761270366,-0.015382866488469722,0.023946658355817052
hard,spec@0.98,logreg,recall,0.9903846153846154,0.9818615690370539,0.9975757575757576,1663,0.0036057692307692735,0.0,0.009901296821131934
hard,spec@0.98,logreg,specificity,0.7605294825511432,0.6981459229780388,0.813579332134469,1663,-0.03730445246690739,-0.0603280383521242,-0.014740661435887894
hard,spec@0.98,logreg,precision,0.8054740957966764,0.7688456632653061,0.8410548290277629,1663,-0.024657350108278075,-0.04113647543749696,-0.008973596316305489
hard,spec@0.98,logreg,f1,0.8884097035040431,0.8664001691874784,0.9088748725667999,1663,-0.01329265783587985,-0.024081433743923603,-0.0026372911297512657
hard,spec@0.98,logreg,balanced_acc,0.8754570489678792,0.8450628930709776,0.9010749572376519,1663,-0.016849341618069058,-0.02930550463177791,-0.0040962778274053705
hard,spec@0.98,logreg,mcc,0.7716575845746513,0.7277938032180177,0.8134076251359912,1663,-0.027420940605793587,-0.04962700578024526,-0.004826637221242173
hard,spec@0.98,logreg,tx_rate_deploy,0.3896533370360086,0.34740615677987696,0.44053460147368,1663,0.03056471581967979,0.012869793939388245,0.04871254015156842
hard,spec@0.98,logreg,missed_change_rate_deploy,0.0019230769230769162,0.000484848484848488,0.003627686192589219,1663,-0.0007211538461538549,-0.001980259364226387,0.0
hard,spec@0.98,logreg,precision_deploy,0.5083414005475807,0.45101347174707107,0.5704662430791185,1663,-0.041260445821910796,-0.06984307505004775,-0.015209731673175244
hard,spec@0.98,logreg,energy_saving_deploy,0.5983466629639914,0.5474653985263199,0.6405938432201229,1663,-0.03056471581967979,-0.04871254015156843,-0.0128697939393882
hard,bacc,vote1,recall,0.9555288461538461,0.9352159935662377,0.9733672257898492,1663,0.012019230769230727,0.0011519745300439365,0.028083378945447917
hard,bacc,vote1,specificity,0.9566787003610109,0.9321769143801366,0.9768595972824994,1663,-0.004813477737665384,-0.016931232108550593,0.007042460402840063
hard,bacc,vote1,precision,0.9566787003610109,0.9343850264011064,0.9759918338592922,1663,-0.004153612980482335,-0.01510572999238475,0.006997056291596704
hard,bacc,vote1,f1,0.9561034275405894,0.9417763374926806,0.9695054936376781,1663,0.0040112504635730906,-0.004569223927455887,0.01419412095808501
hard,bacc,vote1,balanced_acc,0.9561037732574285,0.9405816067499779,0.9700510831628469,1663,0.003602876515782616,-0.005625038840911081,0.01348093959239196
hard,bacc,vote1,mcc,0.912207546514857,0.881775281250952,0.9401255279871271,1663,0.0070682813213659434,-0.010783062120481066,0.026231383551194157
hard,bacc,vote1,tx_rate_deploy,0.22576280894196055,0.20886626687898294,0.24614701714672713,1663,0.006254628343978441,-0.0031635918035239114,0.016077639968459016
hard,bacc,vote1,missed_change_rate_deploy,0.00889423076923077,0.005326554842030145,0.012956801286752452,1663,-0.002403846153846147,-0.0056166757890895825,-0.00023039490600878842
hard,bacc,vote1,precision_deploy,0.8464891543757281,0.7775428658335665,0.9117483252473559,1663,-0.013168661396162906,-0.049029124899261756,0.022199901932210768
hard,bacc,vote1,energy_saving_deploy,0.7622371910580394,0.7418529828532728,0.7791337331210171,1663,-0.006254628343978386,-0.01607763996845907,0.0031635918035239838
hard,bacc,vote2,recall,0.9435096153846154,0.9169756138973194,0.965755158661349,1663,,,
hard,bacc,vote2,specificity,0.9614921780986763,0.9395464472053094,0.9799540094339623,1663,,,
hard,bacc,vote2,precision,0.9608323133414932,0.941248020139276,0.9788036524504431,1663,,,
hard,bacc,vote2,f1,0.9520921770770163,0.9374990513054038,0.9658430188000581,1663,,,
hard,bacc,vote2,balanced_acc,0.9525008967416458,0.938406048763862,0.9659238281160567,1663,,,
hard,bacc,vote2,mcc,0.9051392651934911,0.8764943419235436,0.9316942513861937,1663,,,
hard,bacc,vote2,tx_rate_deploy,0.2195081805979821,0.20252397724628388,0.23863137153403688,1663,,,
hard,bacc,vote2,missed_change_rate_deploy,0.011298076923076918,0.006848968267730194,0.016604877220536104,1663,,,
hard,bacc,vote2,precision_deploy,0.859657815771891,0.7959914979157616,0.9218798759008582,1663,,,
hard,bacc,vote2,energy_saving_deploy,0.7684918194020178,0.7493686284659631,0.7854760227537161,1663,,,
hard,bacc,vote3,recall,0.9459134615384616,0.921114143917098,0.9672330904482813,1663,0.0024038461538461453,0.0,0.0061736053671537765
hard,bacc,vote3,specificity,0.9542719614921781,0.9296597288906432,0.9754040476767094,1663,-0.0072202166064981865,-0.020179896977887475,0.0023670042887125064
hard,bacc,vote3,precision,0.953939393939394,0.9325554043818555,0.9741449478748997,1663,-0.00689291940209924,-0.01873974004522492,0.0024199822971363383
hard,bacc,vote3,f1,0.9499094749547375,0.9348244697598536,0.9639168087467186,1663,-0.002182702122278779,-0.00822428653324617,0.0025561186183888592
hard,bacc,vote3,balanced_acc,0.9500927115153198,0.9346568978132507,0.9644101159228897,1663,-0.0024081852263260206,-0.008896342184906194,0.0024172089395790293
hard,bacc,vote3,mcc,0.9002127660649727,0.8691858335988479,0.9285377985931123,1663,-0.004926499128518391,-0.017755800411364184,0.0048226034260875844
hard,bacc,vote3,tx_rate_deploy,0.22576512311394986,0.20659889970793607,0.2465597238340952,1663,0.006256942515967756,-0.0014341758122212792,0.0168952598794349
hard,bacc,vote3,missed_change_rate_deploy,0.010817307692307689,0.006553381910343728,0.015777171216580406,1663,-0.00048076923076922906,-0.0012347210734307583,0.0
hard,bacc,vote3,precision_deploy,0.8379624350223778,0.7713734323686279,0.9051561080229676,1663,-0.02169538074951327,-0.0598577440360551,0.007697282249042869
hard,bacc,vote3,energy_saving_deploy,0.7622348768860501,0.7414402761659047,0.781401100292064,1663,-0.006256942515967756,-0.016895259879434958,0.001434175812221324
hard,bacc,single_hist,recall,0.9266826923076923,0.8946060523955452,0.9557418914341363,1663,-0.016826923076923128,-0.04790541723570407,0.00985559922018656
hard,bacc,single_hist,specificity,0.8724428399518652,0.8351920693928129,0.9065340909090909,1663,-0.08904933814681104,-0.12560712886799844,-0.054611051441651653
hard,bacc,single_hist,precision,0.879133409350057,0.8508861112635603,0.9075487543727726,1663,-0.0816989039914362,-0.11008367613100914,-0.052345275658176996
hard,bacc,single_hist,f1,0.9022820362785254,0.8809116297626172,0.9211306499973679,1663,-0.04981014079849089,-0.07085674985705787,-0.030975174571263395
hard,bacc,single_hist,balanced_acc,0.8995627661297787,0.8787488563122589,0.9191832603489004,1663,-0.05293813061186714,-0.07340328082053046,-0.033279947393777785
hard,bacc,single_hist,mcc,0.8003245001223687,0.759663062366736,0.839750488989626,1663,-0.10481476507112242,-0.14600489395481914,-0.06625475133839492
hard,bacc,single_hist,tx_rate_deploy,0.2873822665000463,0.25800999583258616,0.31828028346427917,1663,0.06787408590206417,0.038434757287241904,0.09823932557727513
hard,bacc,single_hist,missed_change_rate_deploy,0.014663461538461542,0.008851621713172721,0.021078789520890942,1663,0.0033653846153846242,-0.001971119844037317,0.009581083447140815
hard,bacc,single_hist,precision_deploy,0.6449129263218077,0.5856661570044933,0.7108985811302795,1663,-0.2147448894500833,-0.2856555917292384,-0.14064208336037975
hard,bacc,single_hist,energy_saving_deploy,0.7006177334999537,0.6697197165357207,0.7299900041674138,1663,-0.06787408590206412,-0.0982393255772751,-0.03843475728724201
hard,bacc,single_mean,recall,0.8425480769230769,0.8059668346086825,0.8748587775202781,1663,-0.10096153846153855,-0.14052798178124815,-0.06470113851992411
hard,bacc,single_mean,specificity,0.766546329723225,0.7245857751262693,0.8104287129630703,1663,-0.19494584837545126,-0.23713405963991754,-0.15413281063293935
hard,bacc,single_mean,precision,0.7832402234636872,0.7474827839741612,0.8155575651497472,1663,-0.17759208987780606,-0.21442372755339606,-0.14410245137559755
hard,bacc,single_mean,f1,0.8118123914302259,0.7825533691286761,0.8372603708968727,1663,-0.14027978564679044,-0.1699141395472149,-0.11337907168904927
hard,bacc,single_mean,balanced_acc,0.8045472033231509,0.7806943738648642,0.8264176586901172,1663,-0.14795369341849496,-0.1734362666132491,-0.12376811087158957
hard,bacc,single_mean,mcc,0.6108782445832549,0.5633951895989784,0.6545662360496272,1663,-0.2942610206102362,-0.3456218056795104,-0.24576896530009293
hard,bacc,single_mean,tx_rate_deploy,0.35527255160603544,0.3188247982325328,0.3916617359076472,1663,0.13576437100805333,0.09993264903253601,0.17203781774104163
hard,bacc,single_mean,missed_change_rate_deploy,0.03149038461538463,0.025028244495944374,0.03880663307826351,1663,0.02019230769230771,0.012940227703984819,0.028105596356249624
hard,bacc,single_mean,precision_deploy,0.4743108203064251,0.43466612406723254,0.5241715095950983,1663,-0.38534699546546597,-0.45074686976337286,-0.31979938398575464
hard,bacc,single_mean,energy_saving_deploy,0.6327274483939646,0.5963382640923528,0.6691752017674671,1663,-0.13576437100805328,-0.17203781774104165,-0.09993264903253599
hard,bacc,single_prop,recall,0.9615384615384616,0.945690024636425,0.9759913211860086,1663,0.018028846153846145,0.003920428636570892,0.03580166379280808
hard,bacc,single_prop,specificity,0.9578820697954272,0.9339360144983192,0.9778297101241011,1663,-0.0036101083032490378,-0.021278600449053702,0.010741468425078908
hard,bacc,single_prop,precision,0.9580838323353293,0.9373448055120365,0.9766885433014696,1663,-0.002748481006163872,-0.019002504399051278,0.01138249824622786
hard,bacc,single_prop,f1,0.9598080383923215,0.9473017257745193,0.9714979953308175,1663,0.007715861315305217,-0.0021093660438562005,0.019344239573663363
hard,bacc,single_prop,balanced_acc,0.9597102656669444,0.9464567720228207,0.9717680428969059,1663,0.007209368925298554,-0.002963518378420868,0.018303650746146528
hard,bacc,single_prop,mcc,0.9194285103024027,0.8931875512378906,0.9434921747588694,1663,0.014289245108911608,-0.005577867043624324,0.03542278813715841
hard,bacc,single_prop,tx_rate_deploy,0.22600203647135053,0.2095222221873696,0.24592119161180936,1663,0.006493855873368426,-0.006394418869865225,0.021557877585206196
hard,bacc,single_prop,missed_change_rate_deploy,0.0076923076923076875,0.004801735762798269,0.010861995072714984,1663,-0.00360576923076923,-0.007160332758561619,-0.0007840857273141793
hard,bacc,single_prop,precision_deploy,0.8509113250051199,0.7847758702148475,0.9154675128049503,1663,-0.008746490766771142,-0.06272672002376141,0.03587193288365852
hard,bacc,single_prop,energy_saving_deploy,0.7619979635286495,0.7420788083881906,0.7784777778126304,1663,-0.0064938558733683704,-0.021557877585206272,0.006394418869865155
hard,bacc,logreg,recall,0.9399038461538461,0.9059103952850935,0.9680438990205729,1663,-0.0036057692307692735,-0.03258213468453738,0.019489162917726482
hard,bacc,logreg,specificity,0.9602888086642599,0.938626507161228,0.9783438735858974,1663,-0.001203369434416346,-0.008975515463917496,0.007084454752485763
hard,bacc,logreg,precision,0.9595092024539877,0.9399474176413015,0.9774441385153023,1663,-0.0013231108875054742,-0.008146707285750173,0.0060443885683256395
hard,bacc,logreg,f1,0.9496053430479661,0.9304595966167859,0.9652764635305836,1663,-0.0024868340290502555,-0.01621548076891237,0.00826758464036396
hard,bacc,logreg,balanced_acc,0.950096327409053,0.9324348479105825,0.9651390599917079,1663,-0.0024045693325928097,-0.01495960870179805,0.007757829903657408
hard,bacc,logreg,mcc,0.9003697791348478,0.8665755972521039,0.930544765304665,1663,-0.004769486058643246,-0.028886932355225697,0.015606766553936696
hard,bacc,logreg,tx_rate_deploy,0.2197497222993613,0.20191457267704574,0.23970623032697136,1663,0.00024154170137918873,-0.010236981623407061,0.010053857649186393
hard,bacc,logreg,missed_change_rate_deploy,0.012019230769230772,0.006391220195885416,0.018817920942981292,1663,0.000721153846153854,-0.0038978325835452975,0.006516426936907476
hard,bacc,logreg,precision_deploy,0.8554312026601164,0.7951710054241057,0.9156106717180617,1663,-0.004226613111774635,-0.026976581866432404,0.018733375541438693
hard,bacc,logreg,energy_saving_deploy,0.7682502777006387,0.7482937696730286,0.7860854273229542,1663,-0.00024154170137913322,-0.010053857649186346,0.010236981623407027
all,spec@0.95,vote1,recall,0.9699519230769231,0.9456760902914748,0.9885586793069631,2503,0.01081730769230771,0.0026176301723784155,0.02155818015829087
all,spec@0.95,vote1,specificity,0.9425493716337523,0.918364324402747,0.962763941627578,2503,-0.02034709754637931,-0.030988508554609148,-0.0100209532760178
all,spec@0.95,vote1,precision,0.893687707641196,0.8576119180615808,0.9266089716236399,2503,-0.03421926910299011,-0.05129492053880952,-0.01662924450188798
all,spec@0.95,vote1,f1,0.9302593659942363,0.9093815994086537,0.9493767241546133,2503,-0.01300304535328145,-0.024141051442729378,-0.001166643811906198
all,spec@0.95,vote1,balanced_acc,0.9562506473553377,0.9419884747860782,0.9685323151650664,2503,-0.004764894927035801,-0.011830523232279589,0.0034615636571614953
all,spec@0.95,vote1,mcc,0.8951163933029896,0.8639080528012432,0.9239071954270284,2503,-0.01947570194277215,-0.03550886688054866,-0.0022132514436289464
all,spec@0.95,vote1,tx_rate_deploy,0.23995088730838282,0.22183196641932743,0.26090634798185053,2503,0.018441139575565008,0.01026884454042804,0.027071945320348244
all,spec@0.95,vote1,missed_change_rate_deploy,0.0060096153846153745,0.002288264138607381,0.010864781941705023,2503,-0.002163461538461542,-0.004311636031658175,-0.0005235260344756827
all,spec@0.95,vote1,precision_deploy,0.8084587091610538,0.7495947292283432,0.8667798682829717,2503,-0.05753895026611611,-0.08289711604424116,-0.0291324202624783
all,spec@0.95,vote1,energy_saving_deploy,0.7480491126916171,0.7270936520181495,0.7661680335806725,2503,-0.018441139575565035,-0.027071945320348244,-0.010268844540428016
all,spec@0.95,vote2,recall,0.9591346153846154,0.9333333333333333,0.9810466628656951,2503,,,
all,spec@0.95,vote2,specificity,0.9628964691801316,0.9454767908557474,0.9773789316938458,2503,,,
all,spec@0.95,vote2,precision,0.9279069767441861,0.899883551284741,0.9539553622383197,2503,,,
all,spec@0.95,vote2,f1,0.9432624113475178,0.9257852411037407,0.9596805364374488,2503,,,
all,spec@0.95,vote2,balanced_acc,0.9610155422823735,0.9473693457893507,0.9729364335265758,2503,,,
all,spec@0.95,vote2,mcc,0.9145920952457618,0.887948972041086,0.9397506262366693,2503,,,
all,spec@0.95,vote2,tx_rate_deploy,0.2215097477328178,0.2081180427444797,0.2372190265492757,2503,,,
all,spec@0.95,vote2,missed_change_rate_deploy,0.008173076923076917,0.0037906674268609864,0.01333333333333333,2503,,,
all,spec@0.95,vote2,precision_deploy,0.8659976594271699,0.8159926863129653,0.9142017323983082,2503,,,
all,spec@0.95,vote2,energy_saving_deploy,0.7664902522671821,0.7507809734507243,0.7798819572555203,2503,,,
all,spec@0.95,vote3,recall,0.96875,0.9505553570508858,0.9837624343280795,2503,0.009615384615384581,0.0,0.02496956928838957
all,spec@0.95,vote3,specificity,0.9652902453620587,0.9487609837705995,0.9793194153045969,2503,0.002393776181927043,-0.0011778563015312216,0.007013600946165773
all,spec@0.95,vote3,precision,0.9328703703703703,0.9049295169331271,0.9576623996348471,2503,0.004963393626184254,-0.001631050283411714,0.012568681421926525
all,spec@0.95,vote3,f1,0.9504716981132076,0.9353224031782561,0.9645012805852746,2503,0.007209286765689882,0.0005431454935095837,0.016501490833681916
all,spec@0.95,vote3,balanced_acc,0.9670201226810293,0.9575132615942659,0.9764224945686801,2503,0.006004580398655812,0.0003026269727823078,0.014083927638825974
all,spec@0.95,vote3,mcc,0.9254844567967755,0.9026845238083805,0.9468038690813064,2503,0.010892361551013696,0.000837574241463454,0.02445562447182886
all,spec@0.95,vote3,tx_rate_deploy,0.2215178037103531,0.20893996858825883,0.2357700304275354,2503,8.055977535281755e-06,-0.004413809465333953,0.004107108882815492
all,spec@0.95,vote3,missed_change_rate_deploy,0.00625,0.003247513134384092,0.009888928589822833,2503,-0.0019230769230769162,-0.004993913857677916,0.0
all,spec@0.95,vote3,precision_deploy,0.8746475306036302,0.8257678118129671,0.9212653942154102,2503,0.008649871176460322,-0.0028699374825949947,0.022395259065525672
all,spec@0.95,vote3,energy_saving_deploy,0.7664821962896469,0.7522299695724646,0.7790600314117412,2503,-8.055977535281755e-06,-0.0041071088828154665,0.004413809465333923
all,spec@0.95,single_hist,recall,0.9663461538461539,0.9457217363703031,0.983909110259685,2503,0.007211538461538436,-0.00448029558208537,0.02028882860298875
all,spec@0.95,single_hist,specificity,0.891083183722322,0.8671676885941791,0.9134231254098834,2503,-0.07181328545780963,-0.09230175566559133,-0.05216297028623382
all,spec@0.95,single_hist,precision,0.8154158215010142,0.7860842941913965,0.8434900183585038,2503,-0.11249115524317188,-0.14282551833564008,-0.08345458294589964
all,spec@0.95,single_hist,f1,0.8844884488448844,0.8652390077862142,0.9020725099433784,2503,-0.05877396250263334,-0.07481193231140784,-0.04302189484552507
all,spec@0.95,single_hist,balanced_acc,0.9287146687842379,0.9154688831503052,0.9419141217828444,2503,-0.032300873498135596,-0.04309046625121385,-0.022071341034457907
all,spec@0.95,single_hist,mcc,0.8266410715768231,0.7995275131209476,0.854051519244481,2503,-0.0879510236689387,-0.11150410667111416,-0.06457405130581186
all,spec@0.95,single_hist,tx_rate_deploy,0.28040268379137323,0.2613297392486406,0.3003287294508547,2503,0.05889293605855542,0.042435265667159196,0.0758826473294478
all,spec@0.95,single_hist,missed_change_rate_deploy,0.006730769230769229,0.0032181779480629975,0.010855652725939371,2503,-0.0014423076923076872,-0.004057765720597755,0.0008960591164170732
all,spec@0.95,single_hist,precision_deploy,0.6892559948285946,0.6459844722603117,0.7351276286634723,2503,-0.17674166459857532,-0.22380152036373652,-0.1307456589761524
all,spec@0.95,single_hist,energy_saving_deploy,0.7075973162086268,0.6876712705491452,0.7266702607513593,2503,-0.05889293605855539,-0.07588264732944776,-0.042435265667159196
all,spec@0.95,single_mean,recall,0.9711538461538461,0.9552038276530688,0.9848498046668779,2503,0.012019230769230727,-0.012866440294284062,0.04031284874459891
all,spec@0.95,single_mean,specificity,0.7229204069419509,0.6913946587537092,0.7530283200081509,2503,-0.2399760622381807,-0.2698805612430596,-0.21097195014934852
all,spec@0.95,single_mean,precision,0.6357199055861527,0.5976284584980237,0.6703219982890498,2503,-0.29218707115803344,-0.33529183091564146,-0.2536719097569994
all,spec@0.95,single_mean,f1,0.7684260580123633,0.7411761896735772,0.7927679554968053,2503,-0.17483635333515446,-0.2030029888326397,-0.1501990448671376
all,spec@0.95,single_mean,balanced_acc,0.8470371265478985,0.8316749064664309,0.8616699425078276,2503,-0.11397841573447498,-0.1307210723713425,-0.097715464003981
all,spec@0.95,single_mean,mcc,0.6539999171555604,0.6241292780593525,0.6824640286750346,2503,-0.2605921780902014,-0.29434787861245965,-0.22913970991421373
all,spec@0.95,single_mean,tx_rate_deploy,0.4158944436772085,0.3905891301518892,0.44238678202808607,2503,0.1943846959443907,0.1680156236680964,0.22085562224145255
all,spec@0.95,single_mean,missed_change_rate_deploy,0.005769230769230771,0.00303003906662443,0.00895923446938624,2503,-0.0024038461538461453,-0.008062569748919782,0.002573288058856812
all,spec@0.95,single_mean,precision_deploy,0.467019389615888,0.44108943783985183,0.49427520267029096,2503,-0.39897826981128187,-0.4476813612824563,-0.3499730951424816
all,spec@0.95,single_mean,energy_saving_deploy,0.5721055563227915,0.545613217971914,0.5974108698481109,2503,-0.19438469594439067,-0.22085562224145244,-0.16801562366809636
all,spec@0.95,single_prop,recall,0.9639423076923077,0.9394286923799208,0.9827205540774526,2503,0.004807692307692291,-0.008111239860950085,0.020592683994745845
all,spec@0.95,single_prop,specificity,0.9652902453620587,0.9473358116480793,0.9804046276820957,2503,0.002393776181927043,-0.006866524199528867,0.0115224844186261
all,spec@0.95,single_prop,precision,0.9325581395348838,0.903431673098424,0.9592074952241825,2503,0.0046511627906976605,-0.011780038121401246,0.021258331992623877
all,spec@0.95,single_prop,f1,0.9479905437352247,0.930593573336237,0.9635207772744304,2503,0.004728132387706974,-0.006123197604138838,0.01687777022457614
all,spec@0.95,single_prop,balanced_acc,0.9646162765271832,0.9519578705948111,0.9760007004968525,2503,0.003600734244809667,-0.0042305162906566855,0.01290931551234801
all,spec@0.95,single_prop,mcc,0.9217354619554389,0.8956229947892103,0.945194730964922,2503,0.007143366709677079,-0.009249577455798278,0.02535973012630892
all,spec@0.95,single_prop,tx_rate_deploy,0.22055626524881464,0.20648100830648108,0.23712260074430555,2503,-0.0009534824840031764,-0.00862717583220807,0.00699373655119882
all,spec@0.95,single_prop,missed_change_rate_deploy,0.0072115384615384585,0.0034558891845094786,0.012114261524015851,2503,-0.0009615384615384581,-0.004118536798949169,0.001622247972190017
all,spec@0.95,single_prop,precision_deploy,0.8741010432008015,0.8209407533275506,0.9243946505298378,2503,0.008103383773631623,-0.02040997437405095,0.03751266405166624
all,spec@0.95,single_prop,energy_saving_deploy,0.7674437347511853,0.7508773992556945,0.7815189916935189,2503,0.0009534824840031764,-0.006993736551198818,0.00862717583220811
all,spec@0.95,logreg,recall,0.9699519230769231,0.9518943692710606,0.985663082437276,2503,0.01081730769230771,0.001209153333450222,0.02422197756107794
all,spec@0.95,logreg,specificity,0.9575104727707959,0.9384591194968553,0.9740567736936545,2503,-0.0053859964093356805,-0.013048635824436494,0.00185580969553098
all,spec@0.95,logreg,precision,0.9191343963553531,0.8885259149078908,0.9470520910794182,2503,-0.008772580388832996,-0.021374330827735658,0.004646718552266551
all,spec@0.95,logreg,f1,0.9438596491228071,0.9276709254219714,0.9592780748663102,2503,0.0005972377752893054,-0.008143850920231394,0.010490331365429838
all,spec@0.95,logreg,balanced_acc,0.9637311979238595,0.9536593979783087,0.973807045050085,2503,0.0027156556414860145,-0.0038822361873345366,0.010444157919648214
all,spec@0.95,logreg,mcc,0.9155293207243401,0.8916459584474393,0.939300070281453,2503,0.0009372254785783296,-0.012387735619280577,0.015604665423497428
all,spec@0.95,logreg,tx_rate_deploy,0.2279820063987479,0.21362286334111186,0.2450884305044654,2503,0.006472258665930097,0.00025931804399471697,0.01293081005896324
all,spec@0.95,logreg,missed_change_rate_deploy,0.0060096153846153745,0.002867383512544808,0.009621126145787869,2503,-0.002163461538461542,-0.004844395512215588,-0.00024183066669004427
all,spec@0.95,logreg,precision_deploy,0.850902172849945,0.7978205772196285,0.9029137926009063,2503,-0.015095486577224926,-0.03666458275570783,0.008053365477323235
all,spec@0.95,logreg,energy_saving_deploy,0.7600179936012521,0.7429115694955345,0.7743771366588881,2503,-0.006472258665930042,-0.01293081005896321,-0.0002593180439946915
all,spec@0.98,vote1,recall,0.9783653846153846,0.9556926863572434,0.9932661819993659,2503,-0.01081730769230771,-0.02838043250235999,0.0011442962729161141
all,spec@0.98,vote1,specificity,0.8874925194494315,0.8558396639680603,0.9144388117832525,2503,-0.01376421304608011,-0.02166303664308764,-0.006526940404665322
all,spec@0.98,vote1,precision,0.812375249500998,0.7711810492180387,0.8490379652463153,2503,-0.020620701916005957,-0.0346338453218312,-0.00949335900683244
all,spec@0.98,vote1,f1,0.8876772082878953,0.8613614147635975,0.910995381439991,2503,-0.016718396107709088,-0.029885302268589438,-0.006795727332702191
all,spec@0.98,vote1,balanced_acc,0.932928952032408,0.9153364241951178,0.9482698969143468,2503,-0.012290760369193965,-0.023348492612058996,-0.004398192815836999
all,spec@0.98,vote1,mcc,0.8324771217557204,0.795069153607538,0.8668618349089932,2503,-0.02568527353197103,-0.046489334853996755,-0.01017327855376413
all,spec@0.98,vote1,tx_rate_deploy,0.2856790613635317,0.2636968067818186,0.3122207056648963,2503,0.008847908898402534,0.003626940799119281,0.014526378086210668
all,spec@0.98,vote1,missed_change_rate_deploy,0.004326923076923084,0.001346763600126823,0.008861462728551336,2503,0.002163461538461542,-0.00022885925458322306,0.005676086500471996
all,spec@0.98,vote1,precision_deploy,0.6849402122407544,0.6305018285845907,0.7411741156752621,2503,-0.029706736629852903,-0.048769781114770996,-0.013785402338988076
all,spec@0.98,vote1,energy_saving_deploy,0.7023209386364683,0.6757792943351038,0.7243031932181814,2503,-0.008847908898402479,-0.014526378086210618,-0.0036269407991191757
all,spec@0.98,vote2,recall,0.9891826923076923,0.9797191548462012,0.9965691429936281,2503,,,
all,spec@0.98,vote2,specificity,0.9012567324955116,0.8701275248732041,0.9275461984043781,2503,,,
all,spec@0.98,vote2,precision,0.832995951417004,0.7920071679103848,0.8689574737434358,2503,,,
all,spec@0.98,vote2,f1,0.9043956043956044,0.8803540297008007,0.9248749247324834,2503,,,
all,spec@0.98,vote2,balanced_acc,0.945219712401602,0.930319428716237,0.9581103224737352,2503,,,
all,spec@0.98,vote2,mcc,0.8581623952876914,0.8234222857044912,0.8879940026521034,2503,,,
all,spec@0.98,vote2,tx_rate_deploy,0.2768311524651292,0.2550652619098773,0.3021774923735187,2503,,,
all,spec@0.98,vote2,missed_change_rate_deploy,0.002163461538461542,0.0006861714012743848,0.004056169030759769,2503,,,
all,spec@0.98,vote2,precision_deploy,0.7146469488706073,0.6558817847620447,0.7726966105256742,2503,,,
all,spec@0.98,vote2,energy_saving_deploy,0.7111688475348708,0.6858225076264812,0.7329347380901228,2503,,,
all,spec@0.98,vote3,recall,0.9903846153846154,0.9811054625199362,0.9976745534991636,2503,0.0012019230769231282,0.0,0.003627569528415922
all,spec@0.98,vote3,specificity,0.9090365050867744,0.8774419857003949,0.9361502168359044,2503,0.007779772591262724,0.0005622837370241948,0.01565349443747832
all,spec@0.98,vote3,precision,0.8442622950819673,0.8026125492712256,0.8830615286352992,2503,0.011266343664963263,0.0007742691407187008,0.023027076637926303
all,spec@0.98,vote3,f1,0.911504424778761,0.8871756152125281,0.9336452189684781,2503,0.007108820383156633,0.0006262909782093762,0.013995962396371808
all,spec@0.98,vote3,balanced_acc,0.9497105602356949,0.9347041135392395,0.9627883490767585,2503,0.004490847834092926,0.0005813953488371659,0.008721308106439365
all,spec@0.98,vote3,mcc,0.8686974412766868,0.8335675309545456,0.9012866269511556,2503,0.01053504598899535,0.001022472469577329,0.020435329125010504
all,spec@0.98,vote3,tx_rate_deploy,0.2708477190075036,0.24853952359608789,0.296688783909441,2503,-0.0059834334576255865,-0.01225197046203792,1.0841377635569485e-07
all,spec@0.98,vote3,missed_change_rate_deploy,0.0019230769230769162,0.0004650893001672785,0.0037789074960127497,2503,-0.0002403846153846258,-0.0007255139056831847,0.0
all,spec@0.98,vote3,precision_deploy,0.7313221015955299,0.668903435260708,0.7943076117708053,2503,0.016675152724922593,0.0011194525364732265,0.03399470026347456
all,spec@0.98,vote3,energy_saving_deploy,0.7171522809924964,0.6913112160905589,0.7394604764039121,2503,0.005983433457625642,-1.084137763562803e-07,0.01225197046203797
all,spec@0.98,single_hist,recall,0.9879807692307693,0.9785712033867772,0.996222135944395,2503,-0.0012019230769230171,-0.011027502143819668,0.008674370658721363
all,spec@0.98,single_hist,specificity,0.7690005984440454,0.7326297006420389,0.802208942058146,2503,-0.1322561340514662,-0.16314702010281268,-0.10283946946871445
all,spec@0.98,single_hist,precision,0.6804635761589404,0.6434050133191962,0.7157040256356267,2503,-0.15253237525806362,-0.19223656289710653,-0.11621115588125687
all,spec@0.98,single_hist,f1,0.8058823529411764,0.7784778561012536,0.8303940237028473,2503,-0.09851325145442802,-0.1250204114411555,-0.07558743335265725
all,spec@0.98,single_hist,balanced_acc,0.8784906838374074,0.8602301620765777,0.8962958772766734,2503,-0.0667290285641946,-0.0830046014122679,-0.05186308846395418
all,spec@0.98,single_hist,mcc,0.7136195292780946,0.6779134118683224,0.7479699556719507,2503,-0.14454286600959687,-0.18022571429211415,-0.11253002479933714
all,spec@0.98,single_hist,tx_rate_deploy,0.38239567509091754,0.3556087082028145,0.4116925230344768,2503,0.10556452262578836,0.0818777738528551,0.13078279199806878
all,spec@0.98,single_hist,missed_change_rate_deploy,0.0024038461538461453,0.0007555728111210031,0.004285759322644575,2503,0.00024038461538460325,-0.001734874131744273,0.002205500428763931
all,spec@0.98,single_hist,precision_deploy,0.516732187933804,0.4803918255479014,0.5555471818844179,2503,-0.19791476093680327,-0.2484939727130001,-0.14963237663411746
all,spec@0.98,single_hist,energy_saving_deploy,0.6056043249090824,0.5763074769655233,0.6323912917971855,2503,-0.1055645226257883,-0.13078279199806878,-0.08187777385285507
all,spec@0.98,single_mean,recall,0.9951923076923077,0.9903024411797194,0.998868778280543,2503,0.006009615384615419,-0.002121171861773166,0.015211250279579522
all,spec@0.98,single_mean,specificity,0.661280670257331,0.6274606284785268,0.6937404366939499,2503,-0.2399760622381807,-0.2765829944160379,-0.20266103145614725
all,spec@0.98,single_mean,precision,0.593974175035868,0.5553795368346367,0.6314330934921623,2503,-0.23902177638113598,-0.2864957024655294,-0.19340723437094734
all,spec@0.98,single_mean,f1,0.7439353099730458,0.7129479547814019,0.772026489976399,2503,-0.1604602944225586,-0.19318232231331453,-0.1299341609117475
all,spec@0.98,single_mean,balanced_acc,0.8282364889748193,0.8118083009572034,0.8447024846304068,2503,-0.11698322342678269,-0.13408798813837497,-0.0990110562577515
all,spec@0.98,single_mean,mcc,0.6225433269800783,0.5907274422542097,0.6538336801809955,2503,-0.23561906830761314,-0.2748823597427419,-0.19701127939808122
all,spec@0.98,single_mean,tx_rate_deploy,0.4700139253325968,0.4438963887402317,0.4973697510208808,2503,0.1931827728674676,0.16268714133565637,0.22296782707231855
all,spec@0.98,single_mean,missed_change_rate_deploy,0.0009615384615384581,0.0002262443438914019,0.0019395117640561039,2503,-0.001201923076923084,-0.0030422500559159067,0.0004242343723546305
all,spec@0.98,single_mean,precision_deploy,0.42347354155010536,0.40049232423642783,0.44864034985106693,2503,-0.29117340732050195,-0.3477329027579379,-0.23518599320325448
all,spec@0.98,single_mean,energy_saving_deploy,0.5179860746674032,0.4906302489791191,0.5441036112597682,2503,-0.19318277286746754,-0.22296782707231866,-0.1626871413356564
all,spec@0.98,single_prop,recall,0.9915865384615384,0.9832420289686057,0.9977116704805492,2503,0.0024038461538461453,0.0,0.005952914319849886
all,spec@0.98,single_prop,specificity,0.9012567324955116,0.8694556557653872,0.9289625569890387,2503,0.0,-0.008653682620606175,0.009187927930743923
all,spec@0.98,single_prop,precision,0.8333333333333334,0.7917819577755895,0.8713760877602091,2503,0.0003373819163293712,-0.011897761647152541,0.013355948155493968
all,spec@0.98,single_prop,f1,0.9055982436882547,0.8811010578050592,0.9275386155606407,2503,0.0012026392926502982,-0.006540090349785551,0.009079079870168386
all,spec@0.98,single_prop,balanced_acc,0.9464216354785251,0.9313125605617054,0.9596811162904985,2503,0.0012019230769231282,-0.0035233836260806896,0.006297231559325508
all,spec@0.98,single_prop,mcc,0.8601774569707755,0.8252151956936875,0.8923901267613434,2503,0.002015061683084074,-0.009304283633331422,0.013774627254740967
all,spec@0.98,single_prop,tx_rate_deploy,0.2773119216958984,0.2548411776191456,0.3034265977779492,2503,0.00048076923076922906,-0.006956294151568195,0.0073985097082839655
all,spec@0.98,single_prop,missed_change_rate_deploy,0.001682692307692313,0.00045766590389015874,0.0033515942062788684,2503,-0.00048076923076922906,-0.0011905828639699782,0.0
all,spec@0.98,single_prop,precision_deploy,0.7151416588205084,0.6558771452630743,0.7766410327507575,2503,0.0004947099499010843,-0.017293238483800093,0.019959303830125143
all,spec@0.98,single_prop,energy_saving_deploy,0.7106880783041016,0.6845734022220508,0.7331588223808544,2503,-0.00048076923076911804,-0.007398509708283968,0.00695629415156824
all,spec@0.98,logreg,recall,0.9903846153846154,0.9816174357674103,0.9975309403114582,2503,0.0012019230769231282,-0.002601034879654562,0.005081393243476446
all,spec@0.98,logreg,specificity,0.8868940754039497,0.8509732360097324,0.9176201460138038,2503,-0.014362657091561926,-0.024767942158577597,-0.003651579368784215
all,spec@0.98,logreg,precision,0.8134254689042448,0.7716899161715635,0.8542151266938405,2503,-0.01957048251275917,-0.032282705291874526,-0.005231957058002543
all,spec@0.98,logreg,f1,0.8932249322493225,0.8683176069933407,0.9162821475098699,2503,-0.011170672146281868,-0.01855456707027805,-0.002699268132879465
all,spec@0.98,logreg,balanced_acc,0.9386393453942825,0.9218229297766632,0.9530860390080893,2503,-0.006580367007319454,-0.011490745165704145,-0.001444603793723306
all,spec@0.98,logreg,mcc,0.8419564176700562,0.8047687528206364,0.8756120617421121,2503,-0.016205977617635203,-0.027210950422464453,-0.003806322586201346
all,spec@0.98,logreg,tx_rate_deploy,0.2885616627537633,0.2631038227809725,0.3176874921435245,2503,0.011730510288634144,0.0030968074275972727,0.020504549334560147
all,spec@0.98,logreg,missed_change_rate_deploy,0.0019230769230769162,0.0004938119377083555,0.0036765128465179263,2503,-0.0002403846153846258,-0.0010162786486953017,0.0005202069759309122
all,spec@0.98,logreg,precision_deploy,0.6864284090501203,0.6248756900765547,0.750215624183364,2503,-0.028218539820487054,-0.046659024636398795,-0.007612151880701344
all,spec@0.98,logreg,energy_saving_deploy,0.6994383372462367,0.6703125078564754,0.7248961772190274,2503,-0.011730510288634033,-0.020504549334560203,-0.003096807427597331
all,bacc,vote1,recall,0.9615384615384616,0.9337477733415233,0.9829569530046225,2503,0.012019230769230838,0.003694581280788256,0.023041894098698053
all,bacc,vote1,specificity,0.9634949132256134,0.9459935228042448,0.9786729857819905,2503,-0.007779772591262724,-0.016718784489029723,-0.000585788842792265
all,bacc,vote1,precision,0.9291521486643438,0.8999974200206399,0.9568764568764568,2503,-0.013568615058806577,-0.02802683413618867,-0.00040612727846455556
all,bacc,vote1,f1,0.9450679267572356,0.9268292682926831,0.9614074512123004,2503,-0.0010398576739021337,-0.00794386372768675,0.006951767680366055
all,bacc,vote1,balanced_acc,0.9625166873820374,0.9484874321139084,0.9743372369301992,2503,0.002119729088984057,-0.002732915151970611,0.007753403608807252
all,bacc,vote1,mcc,0.9173163580450492,0.8908250160003154,0.9419766595185863,2503,-0.0018268899548388173,-0.012123480157226928,0.00994430291761147
all,bacc,vote1,tx_rate_deploy,0.22151176172720158,0.20752408200302747,0.23727120863672738,2503,0.008627664226856346,0.0021602494387331327,0.01694208705701843
all,bacc,vote1,missed_change_rate_deploy,0.0076923076923076875,0.0034086093990755083,0.013250445331695336,2503,-0.002403846153846168,-0.004608378819739612,-0.0007389162561576516
all,bacc,vote1,precision_deploy,0.8681601862050334,0.817601833443029,0.9180448849984721,2503,-0.023892571063687362,-0.04965587460098658,-0.0006884575916786146
all,bacc,vote1,energy_saving_deploy,0.7664882382727984,0.7507287913632725,0.7804759179969725,2503,-0.008627664226856346,-0.016942087057018433,-0.002160249438733134
all,bacc,vote2,recall,0.9495192307692307,0.9194418660991334,0.9746419934051083,2503,,,
all,bacc,vote2,specificity,0.9712746858168761,0.9593066596478685,0.9824180765824106,2503,,,
all,bacc,vote2,precision,0.9427207637231504,0.9205364980705217,0.9639653611427805,2503,,,
all,bacc,vote2,f1,0.9461077844311377,0.9272818991812666,0.9622850856484303,2503,,,
all,bacc,vote2,balanced_acc,0.9603969582930534,0.9445143344230484,0.9732318264207592,2503,,,
all,bacc,vote2,mcc,0.919143247999888,0.8914441903848728,0.9429294993383797,2503,,,
all,bacc,vote2,tx_rate_deploy,0.21288409750034523,0.20174075107123035,0.2247220629176203,2503,,,
all,bacc,vote2,missed_change_rate_deploy,0.010096153846153855,0.005071601318978353,0.01611162678017332,2503,,,
all,bacc,vote2,precision_deploy,0.8920527572687208,0.8543655015573391,0.9309277801772925,2503,,,
all,bacc,vote2,energy_saving_deploy,0.7751159024996548,0.7632779370823797,0.7862592489287696,2503,,,
all,bacc,vote3,recall,0.9591346153846154,0.9315047142417927,0.9807703836930455,2503,0.009615384615384692,0.00246297844751841,0.01949084936320204
all,bacc,vote3,specificity,0.9581089168162776,0.9403773950583917,0.9741587685334704,2503,-0.013165769000598515,-0.024508075574327735,-0.0035735025099974897
all,bacc,vote3,precision,0.9193548387096774,0.8900340720480632,0.9483874930649124,2503,-0.02336592501347301,-0.04172387391154497,-0.006252897314909031
all,bacc,vote3,f1,0.9388235294117647,0.9201923191191632,0.9559064170840617,2503,-0.0072842550193730204,-0.018282261202980783,0.0029905542667408944
all,bacc,vote3,balanced_acc,0.9586217661004466,0.9447074539454146,0.9708788211280561,2503,-0.0017751921926068004,-0.008660111050486164,0.005350056670397345
all,bacc,vote3,mcc,0.9078535686860608,0.8807611931204185,0.9336084204096434,2503,-0.011289679313827183,-0.0276405967769399,0.003977556468349434
all,bacc,vote3,tx_rate_deploy,0.225339789623901,0.21001889903253884,0.24173920761383136,2503,0.012455692123555767,0.004630023668578603,0.021424622024960246
all,bacc,vote3,missed_change_rate_deploy,0.008173076923076917,0.003845923261390896,0.013699057151641453,2503,-0.0019230769230769388,-0.0038981698726404104,-0.0004925956895036823
all,bacc,vote3,precision_deploy,0.851278522080313,0.8018082132986019,0.9025283507340011,2503,-0.04077423518840784,-0.0720801331799173,-0.01076499073262196
all,bacc,vote3,energy_saving_deploy,0.762660210376099,0.7462607923861686,0.7779811009674611,2503,-0.012455692123555795,-0.021424622024960226,-0.004630023668578665
all,bacc,single_hist,recall,0.9471153846153846,0.9212497762529833,0.9710179765886288,2503,-0.0024038461538461453,-0.02210251688152246,0.01887271942653014
all,bacc,single_hist,specificity,0.9216038300418911,0.9020702945256901,0.9403988007561963,2503,-0.04967085577498509,-0.06915701431260665,-0.030139742959045656
all,bacc,single_hist,precision,0.8574537540805223,0.830227286734645,0.8844498269896194,2503,-0.08526700964262812,-0.11498590121129212,-0.05509225378593052
all,bacc,single_hist,f1,0.9000571102227298,0.8822163808521695,0.9172116945212089,2503,-0.046050674208407916,-0.06322845386596111,-0.02938308129145615
all,bacc,single_hist,balanced_acc,0.9343596073286378,0.9202610246173589,0.9480567790739985,2503,-0.026037350964415618,-0.038244724245616285,-0.014072736523034798
all,bacc,single_hist,mcc,0.8489731812923943,0.8231045668909084,0.8754165553062253,2503,-0.0701700667074937,-0.09719069861277183,-0.04449895043862868
all,bacc,single_hist,tx_rate_deploy,0.25214001288956406,0.23532403472393917,0.269560486594732,2503,0.039255915389218826,0.022004689813622393,0.056382503165975616
all,bacc,single_hist,missed_change_rate_deploy,0.010576923076923084,0.005796404682274251,0.01575004474940334,2503,0.00048076923076922906,-0.003774543885306033,0.004420503376304487
all,bacc,single_hist,precision_deploy,0.7512614707687953,0.7088785696559132,0.7982423248535568,2503,-0.14079128649992545,-0.1932454254603073,-0.08919628781901226
all,bacc,single_hist,energy_saving_deploy,0.7358599871104359,0.718439513405268,0.7526759652760608,2503,-0.03925591538921891,-0.05638250316597559,-0.022004689813622396
all,bacc,single_mean,recall,0.9074519230769231,0.8771486852017253,0.9339486565093676,2503,-0.0420673076923076,-0.07811036789297661,-0.009632332145483341
all,bacc,single_mean,specificity,0.8324356672651108,0.8028689269342895,0.8603268638836393,2503,-0.1388390185517654,-0.16803872585650234,-0.11124069643806482
all,bacc,single_mean,precision,0.7294685990338164,0.6915412194044106,0.762463113783443,2503,-0.21325216468933395,-0.25119270557651024,-0.1790663732999849
all,bacc,single_mean,f1,0.8087841456882701,0.7805626581396968,0.8329746832681838,2503,-0.13732363874286768,-0.164618917223284,-0.11289138971609247
all,bacc,single_mean,balanced_acc,0.8699437951710169,0.8502059791996137,0.8876606262599518,2503,-0.09045316312203644,-0.11123304883079381,-0.07108744939075672
all,bacc,single_mean,mcc,0.7077541566248562,0.6679030609318536,0.743784915392063,2503,-0.2113890913750318,-0.2512949490557404,-0.1758943279699066
all,bacc,single_mean,tx_rate_deploy,0.315541850803296,0.2912876497218872,0.3413629458779049,2503,0.10265775330295077,0.07782543886412593,0.12776597982062618
all,bacc,single_mean,missed_change_rate_deploy,0.018509615384615374,0.013210268698126453,0.02457026295965494,2503,0.008413461538461519,0.0019264664290966614,0.01562207357859532
all,bacc,single_mean,precision_deploy,0.5751705650244252,0.535004598112557,0.6172959837966945,2503,-0.3168821922442956,-0.36783025380446976,-0.2686647112786801
all,bacc,single_mean,energy_saving_deploy,0.672458149196704,0.646637054122095,0.6967123502781128,2503,-0.1026577533029508,-0.12776597982062615,-0.07782543886412593
all,bacc,single_prop,recall,0.9651442307692307,0.9503719831289541,0.9784437584161819,2503,0.015625,-0.0036856170158753227,0.038947279233267094
all,bacc,single_prop,specificity,0.9724715739078397,0.9576843181919995,0.9842733869321945,2503,0.0011968880909635216,-0.012138334669398173,0.014671576877589633
all,bacc,single_prop,precision,0.9458186101295641,0.9201813513556316,0.9678180737217598,2503,0.003097846406413751,-0.02086084377087824,0.029212605231774668
all,bacc,single_prop,f1,0.9553837001784652,0.941507378639014,0.9688496560597812,2503,0.009275915747327446,-0.006539419694771378,0.025636187916930467
all,bacc,single_prop,balanced_acc,0.9688079023385352,0.9594237981615199,0.9778201940147735,2503,0.008410944045481816,-0.002822444305278482,0.02082880976485101
all,bacc,single_prop,mcc,0.9329389167340354,0.9123034291367895,0.9533427102266647,2503,0.013795668734147393,-0.010156431365216101,0.037340492804163045
all,bacc,single_prop,tx_rate_deploy,0.21505158702757443,0.20480714483525014,0.2275197670843244,2503,0.0021674895272291994,-0.010102245982443437,0.013454677810819334
all,bacc,single_prop,missed_change_rate_deploy,0.006971153846153855,0.004311248316763605,0.009925603374209174,2503,-0.003125,-0.007789455846653421,0.0007371234031750641
all,bacc,single_prop,precision_deploy,0.8975932185475829,0.8515466330495897,0.9387848010776534,2503,0.005540461278862097,-0.03774812048971552,0.050065353823266504
all,bacc,single_prop,energy_saving_deploy,0.7729484129724256,0.7604802329156757,0.7831928551647498,2503,-0.002167489527229227,-0.013454677810819323,0.010102245982443489
all,bacc,logreg,recall,0.9627403846153846,0.9391090210101316,0.982394463037853,2503,0.013221153846153855,0.0033935692921236186,0.027122641509433998
all,bacc,logreg,specificity,0.9575104727707959,0.9388989435144703,0.973457088490908,2503,-0.01376421304608022,-0.026577076028377104,-0.0035148870404135366
all,bacc,logreg,precision,0.9185779816513762,0.8891187058969964,0.9457462107112115,2503,-0.024142782071774227,-0.043911671066312705,-0.005681502392529386
all,bacc,logreg,f1,0.9401408450704226,0.9237278483456237,0.9564751418846148,2503,-0.005966939360715129,-0.018830354557643262,0.0065821550233007425
all,bacc,logreg,balanced_acc,0.9601254286930903,0.9478473547583679,0.9715395874876273,2503,-0.0002715295999631273,-0.009252124625789402,0.008890242324971803
all,bacc,logreg,mcc,0.9098522970384818,0.8850393755200694,0.9349739149268516,2503,-0.009290950961406197,-0.028795321687210867,0.009318199252992538
all,bacc,logreg,tx_rate_deploy,0.2265396987064402,0.21228085619722883,0.2433389291719118,2503,0.013655601206094964,0.005287712508890783,0.023856232232451164
all,bacc,logreg,missed_change_rate_deploy,0.007451923076923084,0.003521107392429379,0.012178195797973683,2503,-0.002644230769230771,-0.0054245283018868,-0.0006787138584247238
all,bacc,logreg,precision_deploy,0.849952913429928,0.7990456061018951,0.9002962102684058,2503,-0.04209984383879284,-0.0792598898514972,-0.009638118867127475
all,bacc,logreg,energy_saving_deploy,0.7614603012935598,0.7446610708280881,0.7757191438027712,2503,-0.013655601206094992,-0.023856232232451136,-0.0052877125088907065
